{"data": {"bikes": [{"bike_id": "8eddf057-12d9-4933-b7df-8610cdafa01f", "lat": 38.911781, "lon": -77.017169, "battery_level": 67, "vehicle_type": "scooter", "is_reserved": false, "is_disabled": false}, {"bike_id": "e824286f-b9b8-4617-a9af-95922bc7e780", "lat": 38.905312, "lon": -77.021921, "battery_level": 98, "vehicle_type": "scooter", "is_reserved": false, "is_disabled": false}, {"bike_id": "638e50dc-872f-48aa-a7e4-dca2b1e2e746", "lat": 38.911333, "lon": -77.044091, "battery_level": 80, "vehicle_type": "scooter", "is_reserved": false, "is_disabled": false}, {"bike_id": "8014981c-7aee-4e86-a873-5314b2fc9397", "lat": 38.883988, "lon": -77.030125, "battery_level": 33, "vehicle_type": "scooter", "is_reserved": false, "is_disabled": false}, {"bike_id": "9747683b-379e-4caf-856f-47353d97cab4", "lat": 38.861263, "lon": -76.985462, "battery_level": 62, "vehicle_type": "scooter", "is_reserved": false, "is_disabled": false}, {"bike_id": "f641e3cc-cea9-4d28-a950-d9eebf155d60", "lat": 38.908843, "lon": -77.002523, "battery_level": 56, "vehicle_type": "scooter", "is_reserved": false, "is_disabled": false}, {"bike_id": "a32a3203-e404-4a49-87ed-e4b6901c7b29", "lat": 38.904018, "lon": -77.034502, "battery_level": 37, "vehicle_type": "scooter", "is_reserved": false, "is_disabled": false}, {"bike_id": "a24033d2-2bdd-4e5c-899f-97e24532a96e", "lat": 38.905207, "lon": -77.05124, "battery_level": 99, "vehicle_type": "scooter", "is_reserved": false, "is_disabled": false}, {"bike_id": "ac9f8d98-2def-4f58-888b-884d3495cb1a", "lat": 38.904479, "lon": -77.053214, "battery_level": 75, "vehicle_type": "scooter", "is_reserved": false, "is_disabled": false}, {"bike_id": "95c37a74-2361-4b9f-b67a-44c16f6d4004", "lat": 38.905295, "lon": -77.050294, "battery_level": 100, "vehicle_type": "scooter", "is_reserved": false, "is_disabled": false}, {"bike_id": "cf682771-d39c-4013-b5d4-27c817a0e90a", "lat": 38.905088, "lon": -77.048421, "battery_level": 33, "vehicle_type": "scooter", "is_reserved": false, "is_disabled": false}, {"bike_id": "071b6b01-03fc-4ce5-afa6-c694c52368c6", "lat": 38.90475108517797, "lon": -77.0486362370962, "battery_level": 91, "vehicle_type": "scooter", "is_reserved": false, "is_disabled": false}, {"bike_id": "31221844-03a1-49ec-ac28-ac864f885812", "lat": 38.898594, "lon": -77.032422, "battery_level": 62, "vehicle_type": "scooter", "is_reserved": false, "is_disabled": false}, {"bike_id": "1b43fd6f-c63a-4a6f-85cd-b28d547e264a", "lat": 38.90136, "lon": -77.045413, "battery_level": 30, "vehicle_type": "scooter", "is_reserved": false, "is_disabled": false}, {"bike_id": "feed6270-09fc-4583-a250-e9d171f02756", "lat": 38.917319, "lon": -77.03176, "battery_level": 72, "vehicle_type": "scooter", "is_reserved": false, "is_disabled": false}, {"bike_id": "b4f27033-90d4-43b8-9399-267dad97d150", "lat": 38.909898, "lon": -77.043653, "battery_level": 97, "vehicle_type": "scooter", "is_reserved": false, "is_disabled": false}, {"bike_id": "b0f62ddd-34d8-4ff7-8f38-05c433c2070f", "lat": 38.907521, "lon": -77.04671, "battery_level": 38, "vehicle_type": "scooter", "is_reserved": false, "is_disabled": false}, {"bike_id": "498ca00d-1a12-42c2-9915-b5ed1efd6776", "lat": 38.936261, "lon": -77.024153, "battery_level": 81, "vehicle_type": "scooter", "is_reserved": false, "is_disabled": false}, {"bike_id": "a884706b-4903-44a0-b201-95a19b17b12b", "lat": 38.897454, "lon": -77.047931, "battery_level": 37, "vehicle_type": "scooter", "is_reserved": false, "is_disabled": false}, {"bike_id": "aca93500-d153-4b2e-86f8-3fbd266b06d5", "lat": 38.919041, "lon": -77.045982, "battery_level": 93, "vehicle_type": "scooter", "is_reserved": false, "is_disabled": false}, {"bike_id": "5bff4311-f60e-49e3-a5ba-832c1d739904", "lat": 38.92096, "lon": -77.034226, "battery_level": 46, "vehicle_type": "scooter", "is_reserved": false, "is_disabled": false}, {"bike_id": "c6aed4c7-7aaa-424e-a473-cf556b3c0564", "lat": 38.916068, "lon": -77.014654, "battery_level": 31, "vehicle_type": "scooter", "is_reserved": false, "is_disabled": false}, {"bike_id": "b4c58429-9185-4a61-a5c4-6ad5403d321f", "lat": 38.911861, "lon": -77.032419, "battery_level": 55, "vehicle_type": "scooter", "is_reserved": false, "is_disabled": false}, {"bike_id": "1b050b38-b551-4c32-be79-a2d6cebe2b4d", "lat": 38.90355, "lon": -77.042482, "battery_level": 26, "vehicle_type": "scooter", "is_reserved": false, "is_disabled": false}, {"bike_id": "168f82b4-5eda-4916-a17f-9642fbda2545", "lat": 38.912459, "lon": -77.03838, "battery_level": 63, "vehicle_type": "scooter", "is_reserved": false, "is_disabled": false}, {"bike_id": "97e01191-cac7-45d2-ac90-99f0e59c9b4e", "lat": 38.888638, "lon": -76.982151, "battery_level": 31, "vehicle_type": "scooter", "is_reserved": false, "is_disabled": false}, {"bike_id": "37b9bb04-94e0-4211-9303-abdcf15c01b3", "lat": 38.902681, "lon": -77.039616, "battery_level": 55, "vehicle_type": "scooter", "is_reserved": false, "is_disabled": false}, {"bike_id": "35433667-5859-4664-b0ff-17c1ec7a3bd3", "lat": 38.904622, "lon": -77.040464, "battery_level": 78, "vehicle_type": "scooter", "is_reserved": false, "is_disabled": false}, {"bike_id": "a1dd0574-228a-411e-8898-eedaec924a29", "lat": 38.902746, "lon": -77.037538, "battery_level": 66, "vehicle_type": "scooter", "is_reserved": false, "is_disabled": false}, {"bike_id": "318bccca-d882-4b29-85fc-6f070224e7c9", "lat": 38.911768, "lon": -77.017966, "battery_level": 36, "vehicle_type": "scooter", "is_reserved": false, "is_disabled": false}, {"bike_id": "4c57f764-0a1d-4c30-b0fd-41753c2f4a0c", "lat": 38.908495, "lon": -77.032189, "battery_level": 40, "vehicle_type": "scooter", "is_reserved": false, "is_disabled": false}, {"bike_id": "3be16db9-f267-4bc7-9506-5c3662b726dc", "lat": 38.908421, "lon": -77.062989, "battery_level": 30, "vehicle_type": "scooter", "is_reserved": false, "is_disabled": false}, {"bike_id": "836f7843-3761-4c34-a7ad-065ae4eff0f4", "lat": 38.904684, "lon": -77.06893, "battery_level": 43, "vehicle_type": "scooter", "is_reserved": false, "is_disabled": false}, {"bike_id": "006d4f80-c4ec-411d-8fd9-fa5d844741a4", "lat": 38.933404, "lon": -77.063701, "battery_level": 52, "vehicle_type": "scooter", "is_reserved": false, "is_disabled": false}, {"bike_id": "99f67521-0e99-41fe-a96f-f748a3a62e28", "lat": 38.889953, "lon": -76.984641, "battery_level": 76, "vehicle_type": "scooter", "is_reserved": false, "is_disabled": false}, {"bike_id": "7ae3f0ff-718d-4e6f-86e1-bd2cf914729e", "lat": 38.906782, "lon": -77.073363, "battery_level": 32, "vehicle_type": "scooter", "is_reserved": false, "is_disabled": false}, {"bike_id": "39459d10-9a2b-4fbb-99ff-b3f34e18e880", "lat": 38.893171, "lon": -77.041858, "battery_level": 46, "vehicle_type": "scooter", "is_reserved": false, "is_disabled": false}, {"bike_id": "7b3baad9-8d29-4bf1-b16e-f8ba79f67ee0", "lat": 38.937304, "lon": -77.066687, "battery_level": 26, "vehicle_type": "scooter", "is_reserved": false, "is_disabled": false}, {"bike_id": "56c1b046-e899-4c34-bd8d-0b753ac6af1b", "lat": 38.902133, "lon": -77.000735, "battery_level": 30, "vehicle_type": "scooter", "is_reserved": false, "is_disabled": false}, {"bike_id": "ccc9e88b-e967-4f6b-a8fe-21a248c9ab35", "lat": 38.907178, "lon": -77.029427, "battery_level": 49, "vehicle_type": "scooter", "is_reserved": false, "is_disabled": false}, {"bike_id": "c6f90f53-e2e3-4f69-af8d-82763e0036e7", "lat": 38.908448, "lon": -77.032166, "battery_level": 31, "vehicle_type": "scooter", "is_reserved": false, "is_disabled": false}, {"bike_id": "cb709f9e-f265-419e-b4c1-77d839250224", "lat": 38.902523, "lon": -77.030459, "battery_level": 34, "vehicle_type": "scooter", "is_reserved": false, "is_disabled": false}, {"bike_id": "a4bfa760-450a-4e90-9da3-764aeedf50ad", "lat": 38.922186, "lon": -77.043434, "battery_level": 54, "vehicle_type": "scooter", "is_reserved": false, "is_disabled": false}, {"bike_id": "6080d49c-bc81-43dc-9fdc-aebe241185a2", "lat": 38.909621, "lon": -77.034385, "battery_level": 100, "vehicle_type": "scooter", "is_reserved": false, "is_disabled": false}, {"bike_id": "bedf5e15-eb9b-4d39-8d3b-f8a26bffe65d", "lat": 38.945129, "lon": -77.030224, "battery_level": 35, "vehicle_type": "scooter", "is_reserved": false, "is_disabled": false}, {"bike_id": "132ff368-828b-4766-b2b4-35c216845276", "lat": 38.885163, "lon": -76.998693, "battery_level": 34, "vehicle_type": "scooter", "is_reserved": false, "is_disabled": false}, {"bike_id": "5bdad392-7471-40d1-9c6a-c76c34d1b8a8", "lat": 38.887368, "lon": -77.002275, "battery_level": 38, "vehicle_type": "scooter", "is_reserved": false, "is_disabled": false}, {"bike_id": "5eb7e2c1-4786-478d-905e-f1bea25ebb9d", "lat": 38.959755, "lon": -77.08639, "battery_level": 82, "vehicle_type": "scooter", "is_reserved": false, "is_disabled": false}, {"bike_id": "8ca5d77a-a53f-4701-8ab2-ff0677702c49", "lat": 38.859481, "lon": -76.987245, "battery_level": 39, "vehicle_type": "scooter", "is_reserved": false, "is_disabled": false}, {"bike_id": "4a6a3990-fcee-40ce-bf24-f8745a62ad6e", "lat": 38.903943, "lon": -77.058194, "battery_level": 98, "vehicle_type": "scooter", "is_reserved": false, "is_disabled": false}, {"bike_id": "4f2831ac-eb0d-42e6-b14d-3d5cbcb2e870", "lat": 38.894997, "lon": -77.002167, "battery_level": 33, "vehicle_type": "scooter", "is_reserved": false, "is_disabled": false}, {"bike_id": "fc9ec287-8308-4d8f-9acd-413144553c65", "lat": 38.905356, "lon": -77.057091, "battery_level": 97, "vehicle_type": "scooter", "is_reserved": false, "is_disabled": false}, {"bike_id": "227dc1a5-75ef-4c86-870b-89d72926c6c2", "lat": 38.900035, "lon": -77.052682, "battery_level": 73, "vehicle_type": "scooter", "is_reserved": false, "is_disabled": false}, {"bike_id": "048cc50a-6ad6-469f-bbc8-6dd284878301", "lat": 38.914401, "lon": -77.053506, "battery_level": 92, "vehicle_type": "scooter", "is_reserved": false, "is_disabled": false}, {"bike_id": "bae46079-37bc-4f6b-a2d7-0ae496009069", "lat": 38.925274, "lon": -77.060348, "battery_level": 90, "vehicle_type": "scooter", "is_reserved": false, "is_disabled": false}, {"bike_id": "86652c0d-c6f4-4779-9a87-42dd209209a6", "lat": 38.90881, "lon": -77.024701, "battery_level": 32, "vehicle_type": "scooter", "is_reserved": false, "is_disabled": false}, {"bike_id": "cd6d3591-a789-4f4f-ba7a-c9316be04dee", "lat": 38.905168, "lon": -77.067704, "battery_level": 91, "vehicle_type": "scooter", "is_reserved": false, "is_disabled": false}, {"bike_id": "6ff29368-3040-44b0-98c0-a7fa285525ff", "lat": 38.905133, "lon": -77.068871, "battery_level": 66, "vehicle_type": "scooter", "is_reserved": false, "is_disabled": false}, {"bike_id": "d4b6073c-675d-454f-853b-50ac50f6eaea", "lat": 38.94201, "lon": -77.059128, "battery_level": 58, "vehicle_type": "scooter", "is_reserved": false, "is_disabled": false}, {"bike_id": "07e88cf8-edc6-4796-8073-b3a7646c19d5", "lat": 38.909961, "lon": -77.047376, "battery_level": 29, "vehicle_type": "scooter", "is_reserved": false, "is_disabled": false}, {"bike_id": "83ea54ba-fc87-4dd7-8573-0b051c7b42d9", "lat": 38.897359, "lon": -77.055105, "battery_level": 31, "vehicle_type": "scooter", "is_reserved": false, "is_disabled": false}, {"bike_id": "991e35c2-b341-4664-93c4-98e11796a87c", "lat": 38.904891, "lon": -77.057021, "battery_level": 85, "vehicle_type": "scooter", "is_reserved": false, "is_disabled": false}, {"bike_id": "67aeb45e-9893-4797-9086-b7540e095796", "lat": 38.905909, "lon": -77.061115, "battery_level": 30, "vehicle_type": "scooter", "is_reserved": false, "is_disabled": false}, {"bike_id": "f43c05b2-4e70-4f81-a2a1-73cfc04c3a23", "lat": 38.904366, "lon": -77.062687, "battery_level": 45, "vehicle_type": "scooter", "is_reserved": false, "is_disabled": false}, {"bike_id": "8dd703a0-12b6-44d1-83ce-8a07fcbefcb8", "lat": 38.940642, "lon": -77.032795, "battery_level": 35, "vehicle_type": "scooter", "is_reserved": false, "is_disabled": false}, {"bike_id": "de789fa7-e23e-444d-8a17-2d19c6343658", "lat": 38.907222, "lon": -77.031243, "battery_level": 98, "vehicle_type": "scooter", "is_reserved": false, "is_disabled": false}, {"bike_id": "24977215-510e-459b-a47b-72696bd01ed4", "lat": 38.907609, "lon": -77.042358, "battery_level": 82, "vehicle_type": "scooter", "is_reserved": false, "is_disabled": false}, {"bike_id": "6b69780e-d5a5-46f7-98bd-d036397c3cb6", "lat": 38.908546, "lon": -77.063967, "battery_level": 29, "vehicle_type": "scooter", "is_reserved": false, "is_disabled": false}, {"bike_id": "45eae169-e937-4663-ba48-d70d3176ba31", "lat": 38.89828, "lon": -77.04762, "battery_level": 100, "vehicle_type": "scooter", "is_reserved": false, "is_disabled": false}, {"bike_id": "bc00d491-1b34-4311-9305-8f9dac3f86a8", "lat": 38.879175, "lon": -76.999131, "battery_level": 58, "vehicle_type": "scooter", "is_reserved": false, "is_disabled": false}, {"bike_id": "21d6e081-60f6-4d0d-9e53-d635b9d8c541", "lat": 38.88218, "lon": -77.004119, "battery_level": 35, "vehicle_type": "scooter", "is_reserved": false, "is_disabled": false}, {"bike_id": "a4f67c9e-96f6-4028-9dfd-b6bb5db8d1ec", "lat": 38.909299, "lon": -77.057033, "battery_level": 52, "vehicle_type": "scooter", "is_reserved": false, "is_disabled": false}, {"bike_id": "7b2d17c7-fc62-43c3-a2fb-a4e0db066260", "lat": 38.911859, "lon": -77.071805, "battery_level": 37, "vehicle_type": "scooter", "is_reserved": false, "is_disabled": false}, {"bike_id": "26a9b84c-045d-4e43-94fd-8d9153690e80", "lat": 38.902612, "lon": -77.021777, "battery_level": 38, "vehicle_type": "scooter", "is_reserved": false, "is_disabled": false}, {"bike_id": "dfe3afac-40e2-407f-a400-8a556b6e7c10", "lat": 38.903579, "lon": -77.036593, "battery_level": 99, "vehicle_type": "scooter", "is_reserved": false, "is_disabled": false}, {"bike_id": "b3a3a2cd-5394-4e87-a183-d34adb5f72b7", "lat": 38.919501, "lon": -77.041666, "battery_level": 43, "vehicle_type": "scooter", "is_reserved": false, "is_disabled": false}, {"bike_id": "13712d35-331d-4194-8132-2924917c71f3", "lat": 38.9082, "lon": -77.04481, "battery_level": 97, "vehicle_type": "scooter", "is_reserved": false, "is_disabled": false}, {"bike_id": "1d5da737-e6cb-4206-9e6a-e53acae1f2f2", "lat": 38.920274, "lon": -77.039805, "battery_level": 66, "vehicle_type": "scooter", "is_reserved": false, "is_disabled": false}, {"bike_id": "7a65a804-c26a-42c8-bdd3-a512233b0f62", "lat": 38.912574, "lon": -77.032169, "battery_level": 40, "vehicle_type": "scooter", "is_reserved": false, "is_disabled": false}, {"bike_id": "0d7f242f-9612-4fd6-a4b9-1d65476284e5", "lat": 38.903083, "lon": -77.016018, "battery_level": 77, "vehicle_type": "scooter", "is_reserved": false, "is_disabled": false}, {"bike_id": "919b450e-4b86-4f46-989e-c53e9d90e899", "lat": 38.907449, "lon": -77.000299, "battery_level": 40, "vehicle_type": "scooter", "is_reserved": false, "is_disabled": false}, {"bike_id": "f9a7f1e9-806a-4b41-87ef-cdc3019a612d", "lat": 38.914138, "lon": -77.028182, "battery_level": 50, "vehicle_type": "scooter", "is_reserved": false, "is_disabled": false}, {"bike_id": "5c0e745b-51a5-4695-a016-05a5ed0ae73a", "lat": 38.916296, "lon": -77.013943, "battery_level": 45, "vehicle_type": "scooter", "is_reserved": false, "is_disabled": false}, {"bike_id": "91edbff3-9e73-4aa7-83cc-f8bcb1b9652a", "lat": 38.936725, "lon": -77.031108, "battery_level": 41, "vehicle_type": "scooter", "is_reserved": false, "is_disabled": false}, {"bike_id": "27924995-3e03-4fa1-9228-b1575d6cf918", "lat": 38.907863, "lon": -77.064972, "battery_level": 70, "vehicle_type": "scooter", "is_reserved": false, "is_disabled": false}, {"bike_id": "e0722a4d-116d-4b7f-b426-296c840a35a9", "lat": 38.90221, "lon": -77.059056, "battery_level": 43, "vehicle_type": "scooter", "is_reserved": false, "is_disabled": false}, {"bike_id": "04767367-d9a1-409c-a7b2-31d5a5e31753", "lat": 38.91557, "lon": -77.067936, "battery_level": 88, "vehicle_type": "scooter", "is_reserved": false, "is_disabled": false}, {"bike_id": "415246d5-4be1-4d85-b8be-fc4922c275f7", "lat": 38.909339, "lon": -77.026528, "battery_level": 52, "vehicle_type": "scooter", "is_reserved": false, "is_disabled": false}, {"bike_id": "285354b2-8fc6-4ca5-9418-83d63dd94ffa", "lat": 38.911694, "lon": -77.032021, "battery_level": 28, "vehicle_type": "scooter", "is_reserved": false, "is_disabled": false}, {"bike_id": "42d0c651-692c-4f94-8510-4ccd0f42403d", "lat": 38.916603, "lon": -77.041787, "battery_level": 31, "vehicle_type": "scooter", "is_reserved": false, "is_disabled": false}, {"bike_id": "6c31cd33-00c7-4017-b7a6-33fb1971003c", "lat": 38.911139, "lon": -77.017125, "battery_level": 96, "vehicle_type": "scooter", "is_reserved": false, "is_disabled": false}, {"bike_id": "ee988086-92d6-441c-9159-9a8526e2579e", "lat": 38.921563, "lon": -77.018333, "battery_level": 48, "vehicle_type": "scooter", "is_reserved": false, "is_disabled": false}, {"bike_id": "3ed9fde7-8015-4aaf-be2e-b68c93ab8b71", "lat": 38.918376, "lon": -77.014555, "battery_level": 88, "vehicle_type": "scooter", "is_reserved": false, "is_disabled": false}, {"bike_id": "cb960d79-ae42-41b4-84f6-d44250c7c0bf", "lat": 38.905695, "lon": -77.01657, "battery_level": 48, "vehicle_type": "scooter", "is_reserved": false, "is_disabled": false}, {"bike_id": "52022920-1f5e-4a23-803c-8492071b4e9e", "lat": 38.900825, "lon": -77.057876, "battery_level": 74, "vehicle_type": "scooter", "is_reserved": false, "is_disabled": false}, {"bike_id": "be0cd821-7163-480d-96bc-e966da22c5df", "lat": 38.90851, "lon": -77.047559, "battery_level": 32, "vehicle_type": "scooter", "is_reserved": false, "is_disabled": false}, {"bike_id": "c598363b-503f-4066-94ee-ab180289d32f", "lat": 38.924559, "lon": -77.039522, "battery_level": 34, "vehicle_type": "scooter", "is_reserved": false, "is_disabled": false}, {"bike_id": "b87315cf-6938-46af-847f-961bc2a65241", "lat": 38.887435, "lon": -77.030652, "battery_level": 42, "vehicle_type": "scooter", "is_reserved": false, "is_disabled": false}, {"bike_id": "2e55ee36-1c82-4fd3-9c6f-5532ab2302a0", "lat": 38.904198, "lon": -77.017807, "battery_level": 58, "vehicle_type": "scooter", "is_reserved": false, "is_disabled": false}, {"bike_id": "29be688c-9e8c-48f1-9c1e-15ba54f81bb2", "lat": 38.87639469470724, "lon": -77.0083587896796, "battery_level": 66, "vehicle_type": "scooter", "is_reserved": false, "is_disabled": false}, {"bike_id": "10a81685-4404-4873-8109-d8241327a113", "lat": 38.908729, "lon": -77.023934, "battery_level": 48, "vehicle_type": "scooter", "is_reserved": false, "is_disabled": false}, {"bike_id": "82098273-c31f-44be-89c7-8c2b41497928", "lat": 38.908688, "lon": -77.024233, "battery_level": 35, "vehicle_type": "scooter", "is_reserved": false, "is_disabled": false}, {"bike_id": "813e4045-391d-4efe-b2fd-8e6b55fecf66", "lat": 38.898722, "lon": -77.02149, "battery_level": 78, "vehicle_type": "scooter", "is_reserved": false, "is_disabled": false}, {"bike_id": "01eea199-f2c3-4683-b07e-628acbc7ddde", "lat": 38.899097, "lon": -77.012689, "battery_level": 31, "vehicle_type": "scooter", "is_reserved": false, "is_disabled": false}, {"bike_id": "77d25183-5add-4141-b08c-bdfa390e1f6c", "lat": 38.874244, "lon": -77.009003, "battery_level": 43, "vehicle_type": "scooter", "is_reserved": false, "is_disabled": false}, {"bike_id": "2aa2044d-d4e3-4d7e-b455-da483316beee", "lat": 38.906852, "lon": -77.067827, "battery_level": 73, "vehicle_type": "scooter", "is_reserved": false, "is_disabled": false}, {"bike_id": "f689326d-d691-4d84-974e-391414fa4034", "lat": 38.906086, "lon": -77.070045, "battery_level": 41, "vehicle_type": "scooter", "is_reserved": false, "is_disabled": false}, {"bike_id": "b67bd392-5347-41d7-8286-d08922594470", "lat": 38.901502, "lon": -77.017171, "battery_level": 56, "vehicle_type": "scooter", "is_reserved": false, "is_disabled": false}, {"bike_id": "1972c1b6-8a5b-4044-814b-37bb0df959c6", "lat": 38.921252, "lon": -77.043925, "battery_level": 29, "vehicle_type": "scooter", "is_reserved": false, "is_disabled": false}, {"bike_id": "01de4d11-29a2-49d3-a8de-0b5ff1ed8552", "lat": 38.924201, "lon": -77.040653, "battery_level": 67, "vehicle_type": "scooter", "is_reserved": false, "is_disabled": false}, {"bike_id": "6dfb0c54-221e-474e-9c8c-d75c4a9be240", "lat": 38.879395, "lon": -77.00929, "battery_level": 60, "vehicle_type": "scooter", "is_reserved": false, "is_disabled": false}, {"bike_id": "f1090389-cf61-48e2-89f8-5a9bcc7c7377", "lat": 38.907326, "lon": -77.04226, "battery_level": 100, "vehicle_type": "scooter", "is_reserved": false, "is_disabled": false}, {"bike_id": "4335317a-fe76-4fae-9590-87c44a188423", "lat": 38.910998, "lon": -77.01423, "battery_level": 95, "vehicle_type": "scooter", "is_reserved": false, "is_disabled": false}, {"bike_id": "2fe4d78e-5d9f-42dd-8957-6db1f4551819", "lat": 38.900882, "lon": -77.045464, "battery_level": 46, "vehicle_type": "scooter", "is_reserved": false, "is_disabled": false}, {"bike_id": "c57d2648-3ae8-4551-b6a2-fd0c5c980ce9", "lat": 38.915884, "lon": -77.03174, "battery_level": 55, "vehicle_type": "scooter", "is_reserved": false, "is_disabled": false}, {"bike_id": "82150bb0-63f2-47fd-864a-0058238dc226", "lat": 38.908567, "lon": -77.032038, "battery_level": 64, "vehicle_type": "scooter", "is_reserved": false, "is_disabled": false}, {"bike_id": "18003b4c-82d4-4b4d-a34d-a2fbcfaac2e4", "lat": 38.90863, "lon": -77.032785, "battery_level": 97, "vehicle_type": "scooter", "is_reserved": false, "is_disabled": false}, {"bike_id": "d8016cd9-8778-4d12-9087-2c4b8deeedbc", "lat": 38.906443, "lon": -77.033744, "battery_level": 29, "vehicle_type": "scooter", "is_reserved": false, "is_disabled": false}, {"bike_id": "e1060d8f-23a4-4be6-8cf3-298e64c0748b", "lat": 38.90979, "lon": -77.019996, "battery_level": 68, "vehicle_type": "scooter", "is_reserved": false, "is_disabled": false}, {"bike_id": "7f213560-2f11-4ef1-b841-9b42ec474749", "lat": 38.916941, "lon": -77.00569, "battery_level": 49, "vehicle_type": "scooter", "is_reserved": false, "is_disabled": false}, {"bike_id": "3707eb68-9080-483b-a408-c53d3e41b6d4", "lat": 38.899663, "lon": -77.026457, "battery_level": 89, "vehicle_type": "scooter", "is_reserved": false, "is_disabled": false}, {"bike_id": "57ea9730-4435-41c5-a96a-3df0dd565433", "lat": 38.909631, "lon": -77.053087, "battery_level": 76, "vehicle_type": "scooter", "is_reserved": false, "is_disabled": false}, {"bike_id": "20a49bd6-1943-4d29-ad86-56e1701f0179", "lat": 38.905196, "lon": -77.05684, "battery_level": 98, "vehicle_type": "scooter", "is_reserved": false, "is_disabled": false}, {"bike_id": "4938c6d0-daf7-41e1-a325-ad507fc74e3c", "lat": 38.893192, "lon": -77.041833, "battery_level": 46, "vehicle_type": "scooter", "is_reserved": false, "is_disabled": false}, {"bike_id": "74ca0d8e-2d7c-427a-a2ad-1ca9829ed527", "lat": 38.91249, "lon": -77.022805, "battery_level": 37, "vehicle_type": "scooter", "is_reserved": false, "is_disabled": false}, {"bike_id": "0c4997eb-edf5-42ab-93ac-a3fba4917ffd", "lat": 38.925203901308436, "lon": -77.00796389396514, "battery_level": 28, "vehicle_type": "scooter", "is_reserved": false, "is_disabled": false}, {"bike_id": "8f0c944d-4208-4471-8744-c0f65c6068ba", "lat": 38.916283, "lon": -77.011133, "battery_level": 32, "vehicle_type": "scooter", "is_reserved": false, "is_disabled": false}, {"bike_id": "19f45358-be39-4ec0-a9fb-95864c1e5091", "lat": 38.91562, "lon": -77.009557, "battery_level": 30, "vehicle_type": "scooter", "is_reserved": false, "is_disabled": false}, {"bike_id": "03e1deb5-a367-42d9-9913-0f1134c7314c", "lat": 38.901637, "lon": -77.047081, "battery_level": 96, "vehicle_type": "scooter", "is_reserved": false, "is_disabled": false}, {"bike_id": "81e93a23-b4b8-4d09-85e5-8f0594ab8a9d", "lat": 38.905752, "lon": -77.028001, "battery_level": 54, "vehicle_type": "scooter", "is_reserved": false, "is_disabled": false}, {"bike_id": "5447aa65-370c-4e2c-8296-ea3f462d94a9", "lat": 38.957334, "lon": -77.023876, "battery_level": 81, "vehicle_type": "scooter", "is_reserved": false, "is_disabled": false}, {"bike_id": "b90293aa-742e-490d-903b-c8aab1def1ac", "lat": 38.914102, "lon": -77.043214, "battery_level": 88, "vehicle_type": "scooter", "is_reserved": false, "is_disabled": false}, {"bike_id": "c4b7a24d-1207-4d68-be30-a140167b2992", "lat": 38.92036, "lon": -77.043586, "battery_level": 90, "vehicle_type": "scooter", "is_reserved": false, "is_disabled": false}, {"bike_id": "bc5260f8-9170-4b33-87d0-721110c75e2c", "lat": 38.904623, "lon": -77.048521, "battery_level": 27, "vehicle_type": "scooter", "is_reserved": false, "is_disabled": false}, {"bike_id": "c381c036-5304-421a-93b2-ba849c8b7513", "lat": 38.903572, "lon": -77.031866, "battery_level": 67, "vehicle_type": "scooter", "is_reserved": false, "is_disabled": false}, {"bike_id": "4a7b63cb-d131-4a67-abe8-16bc1441a478", "lat": 38.892444, "lon": -77.046533, "battery_level": 24, "vehicle_type": "scooter", "is_reserved": false, "is_disabled": false}, {"bike_id": "b0d19f6f-3ef3-4745-bdc8-92bd2ceb8fe2", "lat": 38.901723, "lon": -77.046985, "battery_level": 99, "vehicle_type": "scooter", "is_reserved": false, "is_disabled": false}, {"bike_id": "ae659084-8a32-47ae-8ccc-4a3387f30fa0", "lat": 38.89348, "lon": -77.011965, "battery_level": 46, "vehicle_type": "scooter", "is_reserved": false, "is_disabled": false}, {"bike_id": "81a34f45-47a4-4e17-83d1-98b259d6fbb4", "lat": 38.909987, "lon": -77.00547, "battery_level": 35, "vehicle_type": "scooter", "is_reserved": false, "is_disabled": false}, {"bike_id": "dbf39fea-c60b-49e8-9b1c-67e638f64b3c", "lat": 38.896447, "lon": -77.029026, "battery_level": 36, "vehicle_type": "scooter", "is_reserved": false, "is_disabled": false}, {"bike_id": "8e578260-a545-4845-b169-98d0d26057b5", "lat": 38.908247, "lon": -77.022481, "battery_level": 29, "vehicle_type": "scooter", "is_reserved": false, "is_disabled": false}, {"bike_id": "12040e4f-4cb2-4b86-baa9-745a52cba4bf", "lat": 38.917746, "lon": -77.042433, "battery_level": 36, "vehicle_type": "scooter", "is_reserved": false, "is_disabled": false}, {"bike_id": "f01f4b2c-915a-4e2a-a8a2-2775e7430845", "lat": 38.913502, "lon": -77.04547, "battery_level": 88, "vehicle_type": "scooter", "is_reserved": false, "is_disabled": false}, {"bike_id": "21d6a3f4-9f0a-461f-94a0-620c50352c6d", "lat": 38.911286, "lon": -77.045101, "battery_level": 42, "vehicle_type": "scooter", "is_reserved": false, "is_disabled": false}, {"bike_id": "2e6eb4ef-61cb-459b-b476-d79742c0879a", "lat": 38.913217, "lon": -77.036689, "battery_level": 83, "vehicle_type": "scooter", "is_reserved": false, "is_disabled": false}, {"bike_id": "0b21f1cf-6a36-495b-8c5a-857611978e4d", "lat": 38.889858, "lon": -77.043548, "battery_level": 25, "vehicle_type": "scooter", "is_reserved": false, "is_disabled": false}, {"bike_id": "64c8e3d5-626b-4893-89a9-201241092464", "lat": 38.898698, "lon": -77.007337, "battery_level": 43, "vehicle_type": "scooter", "is_reserved": false, "is_disabled": false}, {"bike_id": "c93cfb16-d1c2-4647-a214-04d611e45d13", "lat": 38.916679, "lon": -77.037886, "battery_level": 33, "vehicle_type": "scooter", "is_reserved": false, "is_disabled": false}, {"bike_id": "f9a41f48-115c-48d9-8db2-5ea3486f7c1d", "lat": 38.904695, "lon": -77.039018, "battery_level": 88, "vehicle_type": "scooter", "is_reserved": false, "is_disabled": false}, {"bike_id": "2c487021-8864-4a33-834b-2e9e3d252a78", "lat": 38.892261, "lon": -77.015387, "battery_level": 49, "vehicle_type": "scooter", "is_reserved": false, "is_disabled": false}, {"bike_id": "e86cbcdd-1cc6-4ddb-b645-7e1211b1372f", "lat": 38.8923, "lon": -77.01545, "battery_level": 40, "vehicle_type": "scooter", "is_reserved": false, "is_disabled": false}, {"bike_id": "05f6a83d-b43f-473f-8ec0-0ec7a30b2def", "lat": 38.926685, "lon": -77.029228, "battery_level": 38, "vehicle_type": "scooter", "is_reserved": false, "is_disabled": false}, {"bike_id": "a17610ed-b52d-44a1-914a-03b6254c8fcd", "lat": 38.910354, "lon": -77.03849, "battery_level": 42, "vehicle_type": "scooter", "is_reserved": false, "is_disabled": false}, {"bike_id": "78204d9d-76fb-4193-a480-7ac9a4bc63b1", "lat": 38.900017, "lon": -77.025786, "battery_level": 62, "vehicle_type": "scooter", "is_reserved": false, "is_disabled": false}, {"bike_id": "d8b1c95f-8d85-4a39-80ae-10d4fca16e77", "lat": 38.899785, "lon": -77.0267, "battery_level": 35, "vehicle_type": "scooter", "is_reserved": false, "is_disabled": false}, {"bike_id": "20a66fcb-cedb-4e68-b8e7-f57de3c9bd92", "lat": 38.892523, "lon": -77.032156, "battery_level": 74, "vehicle_type": "scooter", "is_reserved": false, "is_disabled": false}, {"bike_id": "0a4241a7-c0d1-41c9-bd64-087605cc4e5a", "lat": 38.903055, "lon": -77.021634, "battery_level": 29, "vehicle_type": "scooter", "is_reserved": false, "is_disabled": false}, {"bike_id": "201777cf-c6cf-42e5-a614-f7869164c43c", "lat": 38.917868, "lon": -77.028264, "battery_level": 82, "vehicle_type": "scooter", "is_reserved": false, "is_disabled": false}, {"bike_id": "567b2b24-ac73-4f6d-b431-2f83725e3672", "lat": 38.896508, "lon": -77.023729, "battery_level": 82, "vehicle_type": "scooter", "is_reserved": false, "is_disabled": false}, {"bike_id": "1d68d1dd-8663-4555-8146-88cc399a1d72", "lat": 38.899799, "lon": -77.039344, "battery_level": 87, "vehicle_type": "scooter", "is_reserved": false, "is_disabled": false}, {"bike_id": "e7598ea8-d2b9-4d7b-afc0-7c6ac89eaf0f", "lat": 38.909988, "lon": -77.032083, "battery_level": 94, "vehicle_type": "scooter", "is_reserved": false, "is_disabled": false}, {"bike_id": "5e517173-bcdf-4931-9ce4-981ee1b72b51", "lat": 38.905469, "lon": -77.022144, "battery_level": 64, "vehicle_type": "scooter", "is_reserved": false, "is_disabled": false}, {"bike_id": "291e8133-4ec1-4f39-8dda-2b054f3fa957", "lat": 38.88874, "lon": -77.032515, "battery_level": 52, "vehicle_type": "scooter", "is_reserved": false, "is_disabled": false}, {"bike_id": "c24b333c-5e41-4ce5-826b-9c50014fb86c", "lat": 38.902647, "lon": -77.022146, "battery_level": 92, "vehicle_type": "scooter", "is_reserved": false, "is_disabled": false}, {"bike_id": "36a25420-088c-43d7-80f9-fe668a86ae45", "lat": 38.920777, "lon": -77.041941, "battery_level": 81, "vehicle_type": "scooter", "is_reserved": false, "is_disabled": false}, {"bike_id": "71604f29-64a8-4254-a83d-0154d7570d55", "lat": 38.915598, "lon": -77.02157, "battery_level": 87, "vehicle_type": "scooter", "is_reserved": false, "is_disabled": false}, {"bike_id": "23985b25-804d-4a58-8aae-e62b4e4f39f5", "lat": 38.895971, "lon": -77.027011, "battery_level": 25, "vehicle_type": "scooter", "is_reserved": false, "is_disabled": false}, {"bike_id": "82fd24f1-09c7-4255-8f3a-902d5bb9d121", "lat": 38.901427, "lon": -77.040501, "battery_level": 93, "vehicle_type": "scooter", "is_reserved": false, "is_disabled": false}, {"bike_id": "71a03a3f-e409-42ab-8774-0fe4a95b0e26", "lat": 38.906454, "lon": -77.033737, "battery_level": 37, "vehicle_type": "scooter", "is_reserved": false, "is_disabled": false}, {"bike_id": "ce80d881-c94f-4e0c-a48a-27eff8c839b2", "lat": 38.918258, "lon": -77.024736, "battery_level": 91, "vehicle_type": "scooter", "is_reserved": false, "is_disabled": false}, {"bike_id": "25ad16ab-a999-4784-97fb-44658a0ea86f", "lat": 38.921313, "lon": -77.042214, "battery_level": 85, "vehicle_type": "scooter", "is_reserved": false, "is_disabled": false}, {"bike_id": "6d2c53e8-b905-4131-b42b-25a91c5d9aff", "lat": 38.902977, "lon": -77.064783, "battery_level": 63, "vehicle_type": "scooter", "is_reserved": false, "is_disabled": false}, {"bike_id": "1418d7c1-a543-4ee8-b36c-c186ac5c9ade", "lat": 38.902509, "lon": -77.031758, "battery_level": 83, "vehicle_type": "scooter", "is_reserved": false, "is_disabled": false}, {"bike_id": "842cd7f1-94b2-4c06-be27-7469e65b654c", "lat": 38.910388, "lon": -77.048719, "battery_level": 43, "vehicle_type": "scooter", "is_reserved": false, "is_disabled": false}, {"bike_id": "af1fd62e-37bf-4789-a157-a6cf1a2a73b3", "lat": 38.91597, "lon": -77.031907, "battery_level": 71, "vehicle_type": "scooter", "is_reserved": false, "is_disabled": false}, {"bike_id": "af300315-303d-4725-b621-554fc2bb171a", "lat": 38.908241, "lon": -77.044906, "battery_level": 100, "vehicle_type": "scooter", "is_reserved": false, "is_disabled": false}, {"bike_id": "6519cf80-ac70-4e47-a084-25db73ff2873", "lat": 38.908274, "lon": -77.044917, "battery_level": 100, "vehicle_type": "scooter", "is_reserved": false, "is_disabled": false}, {"bike_id": "90ad2797-8c85-40a0-bd1f-cef98847f22d", "lat": 38.904789, "lon": -77.041478, "battery_level": 76, "vehicle_type": "scooter", "is_reserved": false, "is_disabled": false}, {"bike_id": "dd82ced4-15b5-4e5f-a3d4-ff89e129911b", "lat": 38.905556, "lon": -77.043133, "battery_level": 95, "vehicle_type": "scooter", "is_reserved": false, "is_disabled": false}, {"bike_id": "10241be0-2320-44a9-acb3-0a8d560dc825", "lat": 38.927542, "lon": -77.045601, "battery_level": 72, "vehicle_type": "scooter", "is_reserved": false, "is_disabled": false}, {"bike_id": "a608417d-1400-4bea-a56c-413ab25cd485", "lat": 38.914972, "lon": -77.038394, "battery_level": 88, "vehicle_type": "scooter", "is_reserved": false, "is_disabled": false}, {"bike_id": "e07ffe7a-11ba-4273-ba33-cbb6bc69d683", "lat": 38.906198, "lon": -77.031448, "battery_level": 33, "vehicle_type": "scooter", "is_reserved": false, "is_disabled": false}, {"bike_id": "915f1487-2806-45ed-9185-0e4bacab7a46", "lat": 38.910256, "lon": -77.031999, "battery_level": 100, "vehicle_type": "scooter", "is_reserved": false, "is_disabled": false}, {"bike_id": "1d02ce7d-4753-4ea5-9083-9406e3a3e747", "lat": 38.909656, "lon": -77.032198, "battery_level": 88, "vehicle_type": "scooter", "is_reserved": false, "is_disabled": false}, {"bike_id": "65e96ec0-a8c4-43a1-9dac-ca823e5d0250", "lat": 38.911137, "lon": -77.031682, "battery_level": 88, "vehicle_type": "scooter", "is_reserved": false, "is_disabled": false}, {"bike_id": "b9c696a8-6f20-476a-8673-0eaf9c989467", "lat": 38.928321, "lon": -77.073335, "battery_level": 42, "vehicle_type": "scooter", "is_reserved": false, "is_disabled": false}, {"bike_id": "3ce3b5f7-8e46-4a2f-abb5-ec738a08b97b", "lat": 38.902589, "lon": -77.021808, "battery_level": 60, "vehicle_type": "scooter", "is_reserved": false, "is_disabled": false}, {"bike_id": "cd9cd9bd-aaba-4f2a-958d-c6d06588a827", "lat": 38.91197, "lon": -77.032548, "battery_level": 27, "vehicle_type": "scooter", "is_reserved": false, "is_disabled": false}, {"bike_id": "57173901-6075-4f74-b2ee-0b6d693cae93", "lat": 38.911111, "lon": -77.026897, "battery_level": 36, "vehicle_type": "scooter", "is_reserved": false, "is_disabled": false}, {"bike_id": "9aa370bb-9b36-488e-be21-bc91e29a8441", "lat": 38.912588, "lon": -77.02989, "battery_level": 30, "vehicle_type": "scooter", "is_reserved": false, "is_disabled": false}, {"bike_id": "8825a997-265c-43ce-95ea-67d8ab68b2b1", "lat": 38.906534, "lon": -77.04258, "battery_level": 40, "vehicle_type": "scooter", "is_reserved": false, "is_disabled": false}, {"bike_id": "7d1898ff-33df-4f0a-9f04-11c348bb04e5", "lat": 38.881043, "lon": -77.026524, "battery_level": 87, "vehicle_type": "scooter", "is_reserved": false, "is_disabled": false}, {"bike_id": "67d83348-113e-4592-952c-eec278e7e778", "lat": 38.912497, "lon": -77.030667, "battery_level": 61, "vehicle_type": "scooter", "is_reserved": false, "is_disabled": false}, {"bike_id": "b3e86e25-2c28-4863-97fa-c1d68ac3b9d4", "lat": 38.89698, "lon": -77.046482, "battery_level": 64, "vehicle_type": "scooter", "is_reserved": false, "is_disabled": false}, {"bike_id": "5e541863-f887-4c6f-b692-528861599697", "lat": 38.896534, "lon": -77.032999, "battery_level": 42, "vehicle_type": "scooter", "is_reserved": false, "is_disabled": false}, {"bike_id": "f96b53ea-7a36-4ec2-a29d-a5b31923dfd4", "lat": 38.918287, "lon": -77.023108, "battery_level": 85, "vehicle_type": "scooter", "is_reserved": false, "is_disabled": false}, {"bike_id": "b068878a-3a9f-4281-968d-8302b7da6a4a", "lat": 38.879371, "lon": -77.009386, "battery_level": 42, "vehicle_type": "scooter", "is_reserved": false, "is_disabled": false}, {"bike_id": "60dc8d0c-94d2-4202-b45a-1c2d5bc07cef", "lat": 38.905355, "lon": -77.057027, "battery_level": 38, "vehicle_type": "scooter", "is_reserved": false, "is_disabled": false}, {"bike_id": "2323f467-5d93-4073-9177-8637b9f18c76", "lat": 38.859055, "lon": -76.989463, "battery_level": 44, "vehicle_type": "scooter", "is_reserved": false, "is_disabled": false}, {"bike_id": "0d96cb9e-7648-495c-a733-cb82d0307972", "lat": 38.905252, "lon": -77.062379, "battery_level": 83, "vehicle_type": "scooter", "is_reserved": false, "is_disabled": false}, {"bike_id": "d61faa53-f1a3-4563-9877-5d44928e75a0", "lat": 38.914036, "lon": -77.021916, "battery_level": 60, "vehicle_type": "scooter", "is_reserved": false, "is_disabled": false}, {"bike_id": "b09991dd-97f5-4e90-945b-086e70f632e4", "lat": 38.902688, "lon": -77.021751, "battery_level": 43, "vehicle_type": "scooter", "is_reserved": false, "is_disabled": false}, {"bike_id": "401950cd-9ea9-4a97-a603-e493cda0584d", "lat": 38.916005, "lon": -77.021422, "battery_level": 43, "vehicle_type": "scooter", "is_reserved": false, "is_disabled": false}, {"bike_id": "07fbcdf7-7f64-4e00-a10d-b5f80e47b7f3", "lat": 38.876941, "lon": -77.01676, "battery_level": 82, "vehicle_type": "scooter", "is_reserved": false, "is_disabled": false}, {"bike_id": "ddc2c115-0da2-4945-a59b-d091927fab0f", "lat": 38.902318, "lon": -77.062925, "battery_level": 35, "vehicle_type": "scooter", "is_reserved": false, "is_disabled": false}, {"bike_id": "6bd2f2ac-158c-4eb6-affe-8e1d33b4c093", "lat": 38.906368, "lon": -77.070361, "battery_level": 28, "vehicle_type": "scooter", "is_reserved": false, "is_disabled": false}, {"bike_id": "d36b2e08-fe2f-4785-93e1-8577fe7ef750", "lat": 38.905196, "lon": -77.052016, "battery_level": 64, "vehicle_type": "scooter", "is_reserved": false, "is_disabled": false}, {"bike_id": "e65a9637-25d5-4a6e-bbd3-186b51a44ea7", "lat": 38.905309, "lon": -77.050244, "battery_level": 100, "vehicle_type": "scooter", "is_reserved": false, "is_disabled": false}, {"bike_id": "ae3f51a0-04b9-4f13-a014-13b440c91a8c", "lat": 38.902933, "lon": -77.055279, "battery_level": 36, "vehicle_type": "scooter", "is_reserved": false, "is_disabled": false}, {"bike_id": "9ed48c36-71e1-4ac2-8c42-bb39165f8e3f", "lat": 38.905966, "lon": -77.06294, "battery_level": 27, "vehicle_type": "scooter", "is_reserved": false, "is_disabled": false}, {"bike_id": "20b19118-058e-426b-84d2-a9d83eb0ce26", "lat": 38.904394, "lon": -77.05313, "battery_level": 77, "vehicle_type": "scooter", "is_reserved": false, "is_disabled": false}, {"bike_id": "c711ae4a-ed90-4a3d-b875-24319f56b993", "lat": 38.904113, "lon": -77.04882, "battery_level": 27, "vehicle_type": "scooter", "is_reserved": false, "is_disabled": false}, {"bike_id": "7f6125d4-b6a2-4002-a0a0-56211688e079", "lat": 38.898451, "lon": -77.047726, "battery_level": 94, "vehicle_type": "scooter", "is_reserved": false, "is_disabled": false}, {"bike_id": "c6c404c7-894b-48f1-920f-f8e4d15955cd", "lat": 38.900716, "lon": -77.047762, "battery_level": 73, "vehicle_type": "scooter", "is_reserved": false, "is_disabled": false}, {"bike_id": "36a94fab-8ba8-4c9f-9ed2-a73bf107b46d", "lat": 38.907476, "lon": -77.04486, "battery_level": 37, "vehicle_type": "scooter", "is_reserved": false, "is_disabled": false}, {"bike_id": "3fe00312-0e51-41d7-b89e-846e6a5efd84", "lat": 38.89509, "lon": -77.026833, "battery_level": 31, "vehicle_type": "scooter", "is_reserved": false, "is_disabled": false}, {"bike_id": "19514df2-31cb-42b7-98bb-21933566d178", "lat": 38.894291, "lon": -77.026988, "battery_level": 50, "vehicle_type": "scooter", "is_reserved": false, "is_disabled": false}, {"bike_id": "325d89a6-51ab-4a6c-9f87-a7e9fc0aec65", "lat": 38.90981, "lon": -77.065353, "battery_level": 71, "vehicle_type": "scooter", "is_reserved": false, "is_disabled": false}, {"bike_id": "f7b0663d-dc3e-4ef7-9ee6-a3103ea5ef85", "lat": 38.901864, "lon": -77.051215, "battery_level": 70, "vehicle_type": "scooter", "is_reserved": false, "is_disabled": false}, {"bike_id": "2b50fd47-1e51-4b68-8160-6783becf59a1", "lat": 38.876947, "lon": -76.995096, "battery_level": 53, "vehicle_type": "scooter", "is_reserved": false, "is_disabled": false}, {"bike_id": "4ff96c1f-b014-4fc1-bf66-46d0a196ac51", "lat": 38.906779, "lon": -76.985025, "battery_level": 55, "vehicle_type": "scooter", "is_reserved": false, "is_disabled": false}, {"bike_id": "d91989d3-bb25-4344-bd14-ab48b8510614", "lat": 38.863907, "lon": -76.97979, "battery_level": 44, "vehicle_type": "scooter", "is_reserved": false, "is_disabled": false}, {"bike_id": "cffc39e9-6c1c-4a60-9350-cee07d2928b2", "lat": 38.899883, "lon": -77.025685, "battery_level": 77, "vehicle_type": "scooter", "is_reserved": false, "is_disabled": false}, {"bike_id": "4485d4f4-96aa-4d1d-8a88-34e054e2bfba", "lat": 38.899775, "lon": -77.02474, "battery_level": 35, "vehicle_type": "scooter", "is_reserved": false, "is_disabled": false}, {"bike_id": "bd6f5448-0b19-4d4a-8feb-6386e408d234", "lat": 38.892224, "lon": -77.048711, "battery_level": 46, "vehicle_type": "scooter", "is_reserved": false, "is_disabled": false}, {"bike_id": "18981cce-92c6-43f7-91d1-b8aee2aacff3", "lat": 38.89653, "lon": -77.03223, "battery_level": 47, "vehicle_type": "scooter", "is_reserved": false, "is_disabled": false}, {"bike_id": "2f42a5ce-b1fd-4c69-9dbc-8580d8eaba64", "lat": 38.895985, "lon": -77.027502, "battery_level": 66, "vehicle_type": "scooter", "is_reserved": false, "is_disabled": false}, {"bike_id": "b19a2c26-27d1-42c8-86ad-623ca43e0a96", "lat": 38.896365, "lon": -77.028184, "battery_level": 96, "vehicle_type": "scooter", "is_reserved": false, "is_disabled": false}, {"bike_id": "8a268de2-236b-4385-8431-9f268efa6fcb", "lat": 38.921215, "lon": -77.043861, "battery_level": 70, "vehicle_type": "scooter", "is_reserved": false, "is_disabled": false}, {"bike_id": "486a94fe-137e-4946-876b-3d3d14750bbd", "lat": 38.908783, "lon": -77.031877, "battery_level": 45, "vehicle_type": "scooter", "is_reserved": false, "is_disabled": false}, {"bike_id": "d2fb3dd4-31d4-477f-aafc-1d35abd85fdb", "lat": 38.89858, "lon": -77.054003, "battery_level": 82, "vehicle_type": "scooter", "is_reserved": false, "is_disabled": false}, {"bike_id": "f6b6eca3-f3f6-4958-a6b0-80502e2b30f4", "lat": 38.925708, "lon": -77.029125, "battery_level": 75, "vehicle_type": "scooter", "is_reserved": false, "is_disabled": false}, {"bike_id": "9edfeb58-7a75-49b4-8ce5-6dde5fdef72a", "lat": 38.923931, "lon": -77.031134, "battery_level": 61, "vehicle_type": "scooter", "is_reserved": false, "is_disabled": false}, {"bike_id": "2c63884f-c886-4f9d-b859-56d1dfaeab2a", "lat": 38.920052, "lon": -77.03115, "battery_level": 58, "vehicle_type": "scooter", "is_reserved": false, "is_disabled": false}, {"bike_id": "b7831b1b-c111-4a65-b41b-b58990da130f", "lat": 38.908857, "lon": -76.997675, "battery_level": 66, "vehicle_type": "scooter", "is_reserved": false, "is_disabled": false}, {"bike_id": "ccb61a1b-f474-42ae-b3ad-9817dd9c8382", "lat": 38.878842, "lon": -77.0051, "battery_level": 61, "vehicle_type": "scooter", "is_reserved": false, "is_disabled": false}, {"bike_id": "2049e2b8-a186-4a0b-ba1d-8c471e5095b5", "lat": 38.891743, "lon": -77.032076, "battery_level": 79, "vehicle_type": "scooter", "is_reserved": false, "is_disabled": false}, {"bike_id": "3f892fc9-4b09-44b4-a237-36891a124d2c", "lat": 38.900887, "lon": -77.024823, "battery_level": 64, "vehicle_type": "scooter", "is_reserved": false, "is_disabled": false}, {"bike_id": "9dbb7e28-04d1-493b-a24a-d8a6afc28d39", "lat": 38.90965, "lon": -77.034454, "battery_level": 98, "vehicle_type": "scooter", "is_reserved": false, "is_disabled": false}, {"bike_id": "1cc2e8ba-84bf-4d23-afb7-86f3c62d6ab6", "lat": 38.90445, "lon": -77.031313, "battery_level": 66, "vehicle_type": "scooter", "is_reserved": false, "is_disabled": false}, {"bike_id": "509445ca-6d34-45bc-bb0b-1401759cfa77", "lat": 38.924599, "lon": -77.039967, "battery_level": 100, "vehicle_type": "scooter", "is_reserved": false, "is_disabled": false}, {"bike_id": "46bf2afb-b0b6-4ffb-9159-d38686af4c80", "lat": 38.905258, "lon": -77.064425, "battery_level": 99, "vehicle_type": "scooter", "is_reserved": false, "is_disabled": false}, {"bike_id": "19d27388-8de8-42f3-9a19-ae1cca3cf836", "lat": 38.90512, "lon": -77.061713, "battery_level": 30, "vehicle_type": "scooter", "is_reserved": false, "is_disabled": false}, {"bike_id": "abafabad-e515-49bd-b743-51779f63e32c", "lat": 38.903775, "lon": -77.050723, "battery_level": 47, "vehicle_type": "scooter", "is_reserved": false, "is_disabled": false}, {"bike_id": "f1d4886b-9843-44b4-8d44-ea4130cc6121", "lat": 38.915457, "lon": -77.031824, "battery_level": 98, "vehicle_type": "scooter", "is_reserved": false, "is_disabled": false}, {"bike_id": "4071b765-872a-496d-aa0e-8e612f0747bd", "lat": 38.917345, "lon": -77.032068, "battery_level": 80, "vehicle_type": "scooter", "is_reserved": false, "is_disabled": false}, {"bike_id": "cd6ccaff-c118-406e-b2ae-19ef9c25bb0c", "lat": 38.916808, "lon": -77.031893, "battery_level": 39, "vehicle_type": "scooter", "is_reserved": false, "is_disabled": false}, {"bike_id": "90448d9f-9250-475d-a546-78c41e494391", "lat": 38.914963, "lon": -77.038165, "battery_level": 51, "vehicle_type": "scooter", "is_reserved": false, "is_disabled": false}, {"bike_id": "9e5ae5d6-c2c3-4b74-a8a3-56425a3714a2", "lat": 38.900145, "lon": -76.986886, "battery_level": 50, "vehicle_type": "scooter", "is_reserved": false, "is_disabled": false}, {"bike_id": "bee4e532-6cc7-4c31-9111-5139aa5bad97", "lat": 38.898483, "lon": -77.033415, "battery_level": 66, "vehicle_type": "scooter", "is_reserved": false, "is_disabled": false}, {"bike_id": "f986e605-20d8-44ba-9899-5130e9f9b642", "lat": 38.901574, "lon": -77.032177, "battery_level": 64, "vehicle_type": "scooter", "is_reserved": false, "is_disabled": false}, {"bike_id": "4274b231-bc4e-4091-85fd-83ef3a1266cc", "lat": 38.917155, "lon": -77.028679, "battery_level": 60, "vehicle_type": "scooter", "is_reserved": false, "is_disabled": false}, {"bike_id": "35a6b275-b87c-4469-b12f-af98e1b09e2d", "lat": 38.935259, "lon": -77.054046, "battery_level": 76, "vehicle_type": "scooter", "is_reserved": false, "is_disabled": false}, {"bike_id": "f4900abe-dde2-449b-9eb3-b3848c323e11", "lat": 38.913153, "lon": -77.014639, "battery_level": 34, "vehicle_type": "scooter", "is_reserved": false, "is_disabled": false}, {"bike_id": "bf9d3e44-6170-4352-b1fa-aeae967ddc13", "lat": 38.905045, "lon": -77.029558, "battery_level": 34, "vehicle_type": "scooter", "is_reserved": false, "is_disabled": false}, {"bike_id": "0256c08b-1f96-495a-a8a9-8bf9349cff25", "lat": 38.906264, "lon": -77.024553, "battery_level": 68, "vehicle_type": "scooter", "is_reserved": false, "is_disabled": false}, {"bike_id": "fab7ee12-b4e2-482d-a249-9db7d8bbf151", "lat": 38.91522252004492, "lon": -77.0413644612553, "battery_level": 99, "vehicle_type": "scooter", "is_reserved": false, "is_disabled": false}, {"bike_id": "e4079af8-c44f-4a45-9f36-940a76c103ac", "lat": 38.900094, "lon": -77.043278, "battery_level": 87, "vehicle_type": "scooter", "is_reserved": false, "is_disabled": false}, {"bike_id": "4a2232dd-4ec7-4853-a08b-a52397ce88db", "lat": 38.917117, "lon": -77.031071, "battery_level": 43, "vehicle_type": "scooter", "is_reserved": false, "is_disabled": false}, {"bike_id": "74b7aae3-2e58-4b85-9bb4-d9c1ea61061f", "lat": 38.916555, "lon": -77.034478, "battery_level": 42, "vehicle_type": "scooter", "is_reserved": false, "is_disabled": false}, {"bike_id": "4999ee96-65ee-439e-b80c-57d395affaf5", "lat": 38.911986, "lon": -77.022842, "battery_level": 81, "vehicle_type": "scooter", "is_reserved": false, "is_disabled": false}, {"bike_id": "f0a7b764-3208-4797-b757-9520e6d1f21a", "lat": 38.90074, "lon": -77.049948, "battery_level": 58, "vehicle_type": "scooter", "is_reserved": false, "is_disabled": false}, {"bike_id": "d3897130-b459-420b-8cce-61c72000c061", "lat": 38.901766, "lon": -77.051297, "battery_level": 88, "vehicle_type": "scooter", "is_reserved": false, "is_disabled": false}, {"bike_id": "a9e979a3-6da8-4767-9e10-912464dc5a13", "lat": 38.905263, "lon": -77.051286, "battery_level": 98, "vehicle_type": "scooter", "is_reserved": false, "is_disabled": false}, {"bike_id": "68dc46de-a956-4c51-9d74-bb805fb1cb62", "lat": 38.903418, "lon": -77.054658, "battery_level": 48, "vehicle_type": "scooter", "is_reserved": false, "is_disabled": false}, {"bike_id": "de411aff-64dd-4b64-aa8c-8166bd2bfa90", "lat": 38.903465, "lon": -77.052902, "battery_level": 36, "vehicle_type": "scooter", "is_reserved": false, "is_disabled": false}, {"bike_id": "321b76c7-797f-4680-abcc-8bd762554adb", "lat": 38.898504, "lon": -77.047797, "battery_level": 100, "vehicle_type": "scooter", "is_reserved": false, "is_disabled": false}, {"bike_id": "5a5712e5-ce3a-4339-b426-a18075b94140", "lat": 38.910246, "lon": -77.064656, "battery_level": 71, "vehicle_type": "scooter", "is_reserved": false, "is_disabled": false}, {"bike_id": "986d7eff-99f9-4a55-8efb-7c7e9b8a7310", "lat": 38.910478, "lon": -77.021963, "battery_level": 68, "vehicle_type": "scooter", "is_reserved": false, "is_disabled": false}, {"bike_id": "67750c15-119b-4fab-8097-e30844ad9765", "lat": 38.902205, "lon": -77.021608, "battery_level": 87, "vehicle_type": "scooter", "is_reserved": false, "is_disabled": false}, {"bike_id": "2738dbf0-6f79-48b6-8b72-0a774a66e3e6", "lat": 38.911665, "lon": -77.065577, "battery_level": 62, "vehicle_type": "scooter", "is_reserved": false, "is_disabled": false}, {"bike_id": "a1f4c56a-9831-4835-b689-02de6d6deb99", "lat": 38.90541581906276, "lon": -77.02689134522996, "battery_level": 45, "vehicle_type": "scooter", "is_reserved": false, "is_disabled": false}, {"bike_id": "b6f2492d-6032-4ccd-9f21-e8a459b32772", "lat": 38.909667, "lon": -77.023811, "battery_level": 64, "vehicle_type": "scooter", "is_reserved": false, "is_disabled": false}, {"bike_id": "3bf45e05-ae1e-45b2-bd5a-9002bdad3f4f", "lat": 38.911071, "lon": -77.037522, "battery_level": 62, "vehicle_type": "scooter", "is_reserved": false, "is_disabled": false}, {"bike_id": "8ef1308f-7da2-4198-8370-c1a32a9cfacc", "lat": 38.905211, "lon": -77.061658, "battery_level": 97, "vehicle_type": "scooter", "is_reserved": false, "is_disabled": false}, {"bike_id": "8c4d036c-bfb1-4bd8-877f-619ac96c610c", "lat": 38.915462, "lon": -77.001892, "battery_level": 65, "vehicle_type": "scooter", "is_reserved": false, "is_disabled": false}, {"bike_id": "c50fb66f-25c3-4121-8fa9-9cb266b31121", "lat": 38.870903, "lon": -77.013778, "battery_level": 31, "vehicle_type": "scooter", "is_reserved": false, "is_disabled": false}, {"bike_id": "e5e6c3e0-0cd7-439c-87cf-3d032422dd35", "lat": 38.936465, "lon": -77.024389, "battery_level": 78, "vehicle_type": "scooter", "is_reserved": false, "is_disabled": false}, {"bike_id": "3662d795-17b3-4163-b9c5-43c56cbf1d80", "lat": 38.902702, "lon": -77.040366, "battery_level": 100, "vehicle_type": "scooter", "is_reserved": false, "is_disabled": false}, {"bike_id": "a5368d19-a243-45e2-8099-92aba06e1520", "lat": 38.88745, "lon": -77.025347, "battery_level": 31, "vehicle_type": "scooter", "is_reserved": false, "is_disabled": false}, {"bike_id": "1d6b02db-839f-4b4d-adff-495c3d7fdf41", "lat": 38.88163, "lon": -77.026893, "battery_level": 52, "vehicle_type": "scooter", "is_reserved": false, "is_disabled": false}, {"bike_id": "b9088100-ba8a-4535-a78a-7c34e11ec12d", "lat": 38.936502, "lon": -77.059227, "battery_level": 77, "vehicle_type": "scooter", "is_reserved": false, "is_disabled": false}, {"bike_id": "743543da-2f4b-42f9-a671-e7bffc5b1209", "lat": 38.906553, "lon": -77.073346, "battery_level": 67, "vehicle_type": "scooter", "is_reserved": false, "is_disabled": false}, {"bike_id": "ed096978-2e7a-4921-8a8e-a50e006431e9", "lat": 38.90431, "lon": -77.051386, "battery_level": 93, "vehicle_type": "scooter", "is_reserved": false, "is_disabled": false}, {"bike_id": "77c132f3-995b-464c-a793-f2a248040517", "lat": 38.905314, "lon": -77.056961, "battery_level": 50, "vehicle_type": "scooter", "is_reserved": false, "is_disabled": false}, {"bike_id": "caf126c0-1563-43a1-892c-01f8def2cd99", "lat": 38.911661, "lon": -77.038413, "battery_level": 37, "vehicle_type": "scooter", "is_reserved": false, "is_disabled": false}, {"bike_id": "0601394d-b909-4e19-a7ef-e0ae46832899", "lat": 38.898527, "lon": -77.020113, "battery_level": 38, "vehicle_type": "scooter", "is_reserved": false, "is_disabled": false}, {"bike_id": "89528541-9548-4864-8fbc-ecb469711be7", "lat": 38.899789, "lon": -77.023213, "battery_level": 26, "vehicle_type": "scooter", "is_reserved": false, "is_disabled": false}, {"bike_id": "f8860529-770a-43fd-94ce-333eac31da00", "lat": 38.890573, "lon": -77.025948, "battery_level": 34, "vehicle_type": "scooter", "is_reserved": false, "is_disabled": false}, {"bike_id": "11d87d65-39b1-489c-8d4e-b70796a54736", "lat": 38.916067, "lon": -77.031848, "battery_level": 38, "vehicle_type": "scooter", "is_reserved": false, "is_disabled": false}, {"bike_id": "007e61c6-39ae-4192-bdcc-1f4a8ef7062b", "lat": 38.927428, "lon": -77.045506, "battery_level": 62, "vehicle_type": "scooter", "is_reserved": false, "is_disabled": false}, {"bike_id": "5a4f4815-9ead-4281-8566-8f91cd46f5e4", "lat": 38.906866, "lon": -77.05322, "battery_level": 67, "vehicle_type": "scooter", "is_reserved": false, "is_disabled": false}, {"bike_id": "9484d020-055c-42c9-b1ba-a62969f127b4", "lat": 38.974806, "lon": -77.058996, "battery_level": 37, "vehicle_type": "scooter", "is_reserved": false, "is_disabled": false}, {"bike_id": "96b79a0a-11cc-405a-ae6a-455d733ec18c", "lat": 38.93702, "lon": -77.056017, "battery_level": 26, "vehicle_type": "scooter", "is_reserved": false, "is_disabled": false}, {"bike_id": "0db9a963-0837-4543-a0a3-8797d2b2532b", "lat": 38.905569, "lon": -77.049917, "battery_level": 59, "vehicle_type": "scooter", "is_reserved": false, "is_disabled": false}, {"bike_id": "0cd26503-06aa-454c-9ebb-54130d2b68b1", "lat": 38.890373, "lon": -77.027619, "battery_level": 41, "vehicle_type": "scooter", "is_reserved": false, "is_disabled": false}, {"bike_id": "403d8d3c-cf23-464e-b2a6-71436a1f3d75", "lat": 38.874148, "lon": -77.001724, "battery_level": 25, "vehicle_type": "scooter", "is_reserved": false, "is_disabled": false}, {"bike_id": "4a6e2106-2c8c-4604-8413-48a273c362c6", "lat": 38.935949, "lon": -77.035285, "battery_level": 31, "vehicle_type": "scooter", "is_reserved": false, "is_disabled": false}, {"bike_id": "e6c1ba10-dbd0-4da9-9830-5b6234a0eace", "lat": 38.888481, "lon": -76.928483, "battery_level": 71, "vehicle_type": "scooter", "is_reserved": false, "is_disabled": false}, {"bike_id": "4c230aef-8a5b-4f65-8fb8-702becce7ae5", "lat": 38.903178, "lon": -77.017085, "battery_level": 68, "vehicle_type": "scooter", "is_reserved": false, "is_disabled": false}, {"bike_id": "5317e0e7-2cc9-435f-a2bb-ca06fec74b51", "lat": 38.932574, "lon": -77.026662, "battery_level": 73, "vehicle_type": "scooter", "is_reserved": false, "is_disabled": false}, {"bike_id": "f4e58860-1899-41ee-a87d-2f520c3ae431", "lat": 38.909905, "lon": -77.037501, "battery_level": 95, "vehicle_type": "scooter", "is_reserved": false, "is_disabled": false}, {"bike_id": "9ba02699-ae47-44be-9250-e0256aeac9b8", "lat": 38.910032, "lon": -77.032165, "battery_level": 25, "vehicle_type": "scooter", "is_reserved": false, "is_disabled": false}, {"bike_id": "21f5d8ef-a4e5-44f7-b91e-c93d27c7fcf5", "lat": 38.943701, "lon": -77.032657, "battery_level": 73, "vehicle_type": "scooter", "is_reserved": false, "is_disabled": false}, {"bike_id": "9ef647ab-6c67-42bd-bd1f-1de036f745c7", "lat": 38.908635, "lon": -77.031903, "battery_level": 88, "vehicle_type": "scooter", "is_reserved": false, "is_disabled": false}, {"bike_id": "26b62f91-f642-41b6-8117-d567d6f91b51", "lat": 38.906438, "lon": -77.053068, "battery_level": 100, "vehicle_type": "scooter", "is_reserved": false, "is_disabled": false}, {"bike_id": "d101f594-0c6b-4688-ba0d-5cd88f78fe30", "lat": 38.904282, "lon": -77.048121, "battery_level": 70, "vehicle_type": "scooter", "is_reserved": false, "is_disabled": false}, {"bike_id": "bf8a673f-c969-4650-93d6-de27e90fbbc9", "lat": 38.899887, "lon": -77.020988, "battery_level": 80, "vehicle_type": "scooter", "is_reserved": false, "is_disabled": false}, {"bike_id": "983f227f-09f5-4a1c-9c74-1acf2074d71e", "lat": 38.906464, "lon": -77.033739, "battery_level": 34, "vehicle_type": "scooter", "is_reserved": false, "is_disabled": false}, {"bike_id": "24d1b067-218e-4c04-9edd-5025acc4cb30", "lat": 38.899689, "lon": -77.026096, "battery_level": 42, "vehicle_type": "scooter", "is_reserved": false, "is_disabled": false}, {"bike_id": "32303f34-69de-4c2f-8356-9e23ffe55fdf", "lat": 38.949751, "lon": -77.066883, "battery_level": 46, "vehicle_type": "scooter", "is_reserved": false, "is_disabled": false}, {"bike_id": "c349c5dc-38ab-4227-b47d-2986ddc8f27f", "lat": 38.895332, "lon": -77.011303, "battery_level": 28, "vehicle_type": "scooter", "is_reserved": false, "is_disabled": false}, {"bike_id": "e23ce50f-e33c-4e78-b41b-c8ff1b55ad18", "lat": 38.903824, "lon": -77.016279, "battery_level": 84, "vehicle_type": "scooter", "is_reserved": false, "is_disabled": false}, {"bike_id": "48678f19-03f5-4884-b841-7427055090d1", "lat": 38.900381, "lon": -77.012758, "battery_level": 29, "vehicle_type": "scooter", "is_reserved": false, "is_disabled": false}, {"bike_id": "ff92c745-55c3-4dfb-8ac1-a2c2f875da03", "lat": 38.872566, "lon": -77.008882, "battery_level": 40, "vehicle_type": "scooter", "is_reserved": false, "is_disabled": false}, {"bike_id": "9f389afb-7fbb-433a-85ce-9596cde52abf", "lat": 38.926735, "lon": -77.028637, "battery_level": 92, "vehicle_type": "scooter", "is_reserved": false, "is_disabled": false}, {"bike_id": "020ebaa1-f81e-4da4-b359-a3efa1e3d54a", "lat": 38.90336, "lon": -77.025776, "battery_level": 41, "vehicle_type": "scooter", "is_reserved": false, "is_disabled": false}, {"bike_id": "4b6ebabe-85ce-4d08-a609-a5462dc30a26", "lat": 38.921175, "lon": -77.042107, "battery_level": 75, "vehicle_type": "scooter", "is_reserved": false, "is_disabled": false}, {"bike_id": "eabc4d9e-d266-4c3a-8c75-cbd7613d3734", "lat": 38.903894, "lon": -77.030082, "battery_level": 95, "vehicle_type": "scooter", "is_reserved": false, "is_disabled": false}, {"bike_id": "30fe5165-5f69-4090-a223-53463cf3f2d7", "lat": 38.910138, "lon": -77.036419, "battery_level": 28, "vehicle_type": "scooter", "is_reserved": false, "is_disabled": false}, {"bike_id": "2615091e-c3be-4fe1-9210-81c10317427c", "lat": 38.916896, "lon": -77.029346, "battery_level": 72, "vehicle_type": "scooter", "is_reserved": false, "is_disabled": false}, {"bike_id": "a0116255-95cb-468e-9c89-6c84ea8dd817", "lat": 38.941002, "lon": -77.024103, "battery_level": 34, "vehicle_type": "scooter", "is_reserved": false, "is_disabled": false}]}}