{"data": {"bikes": [{"bike_id": "e1060d8f-23a4-4be6-8cf3-298e64c0748b", "lat": 38.90979, "lon": -77.019996, "battery_level": 68, "vehicle_type": "scooter", "is_reserved": false, "is_disabled": false}, {"bike_id": "4cbcf5da-97f3-4b75-8924-ad1dfc58934c", "lat": 38.984681, "lon": -77.02867, "battery_level": 97, "vehicle_type": "scooter", "is_reserved": false, "is_disabled": false}, {"bike_id": "9587c04f-253b-4607-85b7-24c9f78cc7fc", "lat": 38.897215, "lon": -77.024474, "battery_level": 34, "vehicle_type": "scooter", "is_reserved": false, "is_disabled": false}, {"bike_id": "325d89a6-51ab-4a6c-9f87-a7e9fc0aec65", "lat": 38.90981, "lon": -77.065353, "battery_level": 71, "vehicle_type": "scooter", "is_reserved": false, "is_disabled": false}, {"bike_id": "99f67521-0e99-41fe-a96f-f748a3a62e28", "lat": 38.889953, "lon": -76.984641, "battery_level": 76, "vehicle_type": "scooter", "is_reserved": false, "is_disabled": false}, {"bike_id": "90448d9f-9250-475d-a546-78c41e494391", "lat": 38.914963, "lon": -77.038165, "battery_level": 54, "vehicle_type": "scooter", "is_reserved": false, "is_disabled": false}, {"bike_id": "9bedf84b-2625-472e-9de7-b608c4d7006a", "lat": 38.915573, "lon": -77.032105, "battery_level": 70, "vehicle_type": "scooter", "is_reserved": false, "is_disabled": false}, {"bike_id": "fc9ec287-8308-4d8f-9acd-413144553c65", "lat": 38.905356, "lon": -77.057091, "battery_level": 96, "vehicle_type": "scooter", "is_reserved": false, "is_disabled": false}, {"bike_id": "35433667-5859-4664-b0ff-17c1ec7a3bd3", "lat": 38.904622, "lon": -77.040464, "battery_level": 78, "vehicle_type": "scooter", "is_reserved": false, "is_disabled": false}, {"bike_id": "10241be0-2320-44a9-acb3-0a8d560dc825", "lat": 38.927542, "lon": -77.045601, "battery_level": 72, "vehicle_type": "scooter", "is_reserved": false, "is_disabled": false}, {"bike_id": "8dd703a0-12b6-44d1-83ce-8a07fcbefcb8", "lat": 38.940642, "lon": -77.032795, "battery_level": 35, "vehicle_type": "scooter", "is_reserved": false, "is_disabled": false}, {"bike_id": "a17610ed-b52d-44a1-914a-03b6254c8fcd", "lat": 38.910354, "lon": -77.03849, "battery_level": 42, "vehicle_type": "scooter", "is_reserved": false, "is_disabled": false}, {"bike_id": "91260a1b-3697-4f75-b7bb-0ae0de1adc12", "lat": 38.908654, "lon": -77.043311, "battery_level": 71, "vehicle_type": "scooter", "is_reserved": false, "is_disabled": false}, {"bike_id": "007e61c6-39ae-4192-bdcc-1f4a8ef7062b", "lat": 38.927428, "lon": -77.045506, "battery_level": 62, "vehicle_type": "scooter", "is_reserved": false, "is_disabled": false}, {"bike_id": "9f88de80-6323-48dc-854d-c5b981f7cd4a", "lat": 38.90818, "lon": -77.043514, "battery_level": 97, "vehicle_type": "scooter", "is_reserved": false, "is_disabled": false}, {"bike_id": "b19a2c26-27d1-42c8-86ad-623ca43e0a96", "lat": 38.896105, "lon": -77.028231, "battery_level": 96, "vehicle_type": "scooter", "is_reserved": false, "is_disabled": false}, {"bike_id": "e12cc2b0-36ea-4875-b954-def7dcd3fd09", "lat": 38.864842, "lon": -76.977574, "battery_level": 40, "vehicle_type": "scooter", "is_reserved": false, "is_disabled": false}, {"bike_id": "71604f29-64a8-4254-a83d-0154d7570d55", "lat": 38.915363, "lon": -77.02175, "battery_level": 87, "vehicle_type": "scooter", "is_reserved": false, "is_disabled": false}, {"bike_id": "9a671243-42e7-448d-b20d-78d3211f165d", "lat": 38.906041, "lon": -77.034135, "battery_level": 29, "vehicle_type": "scooter", "is_reserved": false, "is_disabled": false}, {"bike_id": "08543cee-d566-4c47-8407-62381014f032", "lat": 38.896672, "lon": -76.998318, "battery_level": 77, "vehicle_type": "scooter", "is_reserved": false, "is_disabled": false}, {"bike_id": "68905ae1-d156-4e9d-86ad-dce3ef8526ef", "lat": 38.924, "lon": -77.029787, "battery_level": 43, "vehicle_type": "scooter", "is_reserved": false, "is_disabled": false}, {"bike_id": "5317e0e7-2cc9-435f-a2bb-ca06fec74b51", "lat": 38.932574, "lon": -77.026662, "battery_level": 73, "vehicle_type": "scooter", "is_reserved": false, "is_disabled": false}, {"bike_id": "6d917179-70ec-4c6e-9c89-5e3a7bad3019", "lat": 38.908671, "lon": -77.043361, "battery_level": 93, "vehicle_type": "scooter", "is_reserved": false, "is_disabled": false}, {"bike_id": "c8b842c2-4366-41ef-884d-a87202af23e8", "lat": 38.916023, "lon": -77.014915, "battery_level": 29, "vehicle_type": "scooter", "is_reserved": false, "is_disabled": false}, {"bike_id": "ccb61a1b-f474-42ae-b3ad-9817dd9c8382", "lat": 38.878842, "lon": -77.0051, "battery_level": 60, "vehicle_type": "scooter", "is_reserved": false, "is_disabled": false}, {"bike_id": "fc52cc02-f419-4118-8d51-582a10ade183", "lat": 38.919861, "lon": -77.041215, "battery_level": 72, "vehicle_type": "scooter", "is_reserved": false, "is_disabled": false}, {"bike_id": "20f82012-af69-47ed-838d-51c592f72a78", "lat": 38.91625, "lon": -77.048297, "battery_level": 42, "vehicle_type": "scooter", "is_reserved": false, "is_disabled": false}, {"bike_id": "4071b765-872a-496d-aa0e-8e612f0747bd", "lat": 38.917345, "lon": -77.032068, "battery_level": 79, "vehicle_type": "scooter", "is_reserved": false, "is_disabled": false}, {"bike_id": "de411aff-64dd-4b64-aa8c-8166bd2bfa90", "lat": 38.904071, "lon": -77.052561, "battery_level": 36, "vehicle_type": "scooter", "is_reserved": false, "is_disabled": false}, {"bike_id": "2b76a3f6-09bc-46c2-9114-4e736b7c3c9c", "lat": 38.898631, "lon": -77.045134, "battery_level": 92, "vehicle_type": "scooter", "is_reserved": false, "is_disabled": false}, {"bike_id": "d6ba6a0f-6f34-413b-8234-133e7a840344", "lat": 38.90338, "lon": -77.029673, "battery_level": 41, "vehicle_type": "scooter", "is_reserved": false, "is_disabled": false}, {"bike_id": "0b807997-bfbb-4315-8de0-a7b47ae8b37b", "lat": 38.908505, "lon": -77.023566, "battery_level": 80, "vehicle_type": "scooter", "is_reserved": false, "is_disabled": false}, {"bike_id": "1c0743cb-90e3-4540-9ddc-66fd95277c74", "lat": 38.920559, "lon": -77.017567, "battery_level": 44, "vehicle_type": "scooter", "is_reserved": false, "is_disabled": false}, {"bike_id": "caf126c0-1563-43a1-892c-01f8def2cd99", "lat": 38.911661, "lon": -77.038413, "battery_level": 37, "vehicle_type": "scooter", "is_reserved": false, "is_disabled": false}, {"bike_id": "6d2c53e8-b905-4131-b42b-25a91c5d9aff", "lat": 38.902977, "lon": -77.064783, "battery_level": 63, "vehicle_type": "scooter", "is_reserved": false, "is_disabled": false}, {"bike_id": "915f1487-2806-45ed-9185-0e4bacab7a46", "lat": 38.910256, "lon": -77.031999, "battery_level": 100, "vehicle_type": "scooter", "is_reserved": false, "is_disabled": false}, {"bike_id": "86652c0d-c6f4-4779-9a87-42dd209209a6", "lat": 38.90881, "lon": -77.024701, "battery_level": 32, "vehicle_type": "scooter", "is_reserved": false, "is_disabled": false}, {"bike_id": "8c4d036c-bfb1-4bd8-877f-619ac96c610c", "lat": 38.915462, "lon": -77.001892, "battery_level": 65, "vehicle_type": "scooter", "is_reserved": false, "is_disabled": false}, {"bike_id": "4f2251b7-7353-4f29-9927-58877961dcf5", "lat": 38.899129, "lon": -77.028464, "battery_level": 81, "vehicle_type": "scooter", "is_reserved": false, "is_disabled": false}, {"bike_id": "20b19118-058e-426b-84d2-a9d83eb0ce26", "lat": 38.904394, "lon": -77.05313, "battery_level": 77, "vehicle_type": "scooter", "is_reserved": false, "is_disabled": false}, {"bike_id": "983f227f-09f5-4a1c-9c74-1acf2074d71e", "lat": 38.905191, "lon": -77.033793, "battery_level": 34, "vehicle_type": "scooter", "is_reserved": false, "is_disabled": false}, {"bike_id": "26e559a1-49f9-492f-a172-a58842f9da97", "lat": 38.912479, "lon": -77.022668, "battery_level": 75, "vehicle_type": "scooter", "is_reserved": false, "is_disabled": false}, {"bike_id": "6c31cd33-00c7-4017-b7a6-33fb1971003c", "lat": 38.911139, "lon": -77.017125, "battery_level": 95, "vehicle_type": "scooter", "is_reserved": false, "is_disabled": false}, {"bike_id": "937be4ec-3118-420f-b923-bf5b692c4aee", "lat": 38.892257, "lon": -77.049964, "battery_level": 66, "vehicle_type": "scooter", "is_reserved": false, "is_disabled": false}, {"bike_id": "01eea199-f2c3-4683-b07e-628acbc7ddde", "lat": 38.899097, "lon": -77.012689, "battery_level": 31, "vehicle_type": "scooter", "is_reserved": false, "is_disabled": false}, {"bike_id": "475ad476-9f37-4542-94f0-40697a268246", "lat": 38.902343, "lon": -77.0321, "battery_level": 60, "vehicle_type": "scooter", "is_reserved": false, "is_disabled": false}, {"bike_id": "967b82d1-ee46-4b37-a8e1-5c4da7df5bf0", "lat": 38.879339, "lon": -77.008755, "battery_level": 92, "vehicle_type": "scooter", "is_reserved": false, "is_disabled": false}, {"bike_id": "0524d803-e547-4c82-938b-6dd43d4a7be2", "lat": 38.915494, "lon": -77.022117, "battery_level": 53, "vehicle_type": "scooter", "is_reserved": false, "is_disabled": false}, {"bike_id": "cf5cd4fa-f643-4218-b726-3bd00c1ad09f", "lat": 38.913582, "lon": -77.019056, "battery_level": 86, "vehicle_type": "scooter", "is_reserved": false, "is_disabled": false}, {"bike_id": "c05519dd-fc03-456d-9930-9faa97d1fa51", "lat": 38.915699, "lon": -77.039517, "battery_level": 73, "vehicle_type": "scooter", "is_reserved": false, "is_disabled": false}, {"bike_id": "21d6e081-60f6-4d0d-9e53-d635b9d8c541", "lat": 38.88218, "lon": -77.004119, "battery_level": 35, "vehicle_type": "scooter", "is_reserved": false, "is_disabled": false}, {"bike_id": "13c0b2c0-d8db-4d2e-bafe-7f771cefd8bc", "lat": 38.897413, "lon": -77.051669, "battery_level": 92, "vehicle_type": "scooter", "is_reserved": false, "is_disabled": false}, {"bike_id": "a29ba9d6-a493-4396-8be0-88f01b6d96e5", "lat": 38.9024, "lon": -77.023096, "battery_level": 87, "vehicle_type": "scooter", "is_reserved": false, "is_disabled": false}, {"bike_id": "0c08b395-86db-46c8-be43-7752f31faed3", "lat": 38.899225, "lon": -77.027878, "battery_level": 52, "vehicle_type": "scooter", "is_reserved": false, "is_disabled": false}, {"bike_id": "47c1bfc4-eb18-4168-b552-5a0f7a0df8d9", "lat": 38.902777, "lon": -77.061705, "battery_level": 89, "vehicle_type": "scooter", "is_reserved": false, "is_disabled": false}, {"bike_id": "0db9a963-0837-4543-a0a3-8797d2b2532b", "lat": 38.905569, "lon": -77.049917, "battery_level": 59, "vehicle_type": "scooter", "is_reserved": false, "is_disabled": false}, {"bike_id": "91edbff3-9e73-4aa7-83cc-f8bcb1b9652a", "lat": 38.936725, "lon": -77.031108, "battery_level": 41, "vehicle_type": "scooter", "is_reserved": false, "is_disabled": false}, {"bike_id": "5bff4311-f60e-49e3-a5ba-832c1d739904", "lat": 38.92096, "lon": -77.034226, "battery_level": 46, "vehicle_type": "scooter", "is_reserved": false, "is_disabled": false}, {"bike_id": "74ca0d8e-2d7c-427a-a2ad-1ca9829ed527", "lat": 38.91249, "lon": -77.022805, "battery_level": 37, "vehicle_type": "scooter", "is_reserved": false, "is_disabled": false}, {"bike_id": "1d6b02db-839f-4b4d-adff-495c3d7fdf41", "lat": 38.88163, "lon": -77.026893, "battery_level": 52, "vehicle_type": "scooter", "is_reserved": false, "is_disabled": false}, {"bike_id": "1d5da737-e6cb-4206-9e6a-e53acae1f2f2", "lat": 38.920274, "lon": -77.039805, "battery_level": 65, "vehicle_type": "scooter", "is_reserved": false, "is_disabled": false}, {"bike_id": "a4bfa760-450a-4e90-9da3-764aeedf50ad", "lat": 38.922265, "lon": -77.043451, "battery_level": 54, "vehicle_type": "scooter", "is_reserved": false, "is_disabled": false}, {"bike_id": "12040e4f-4cb2-4b86-baa9-745a52cba4bf", "lat": 38.917746, "lon": -77.042433, "battery_level": 36, "vehicle_type": "scooter", "is_reserved": false, "is_disabled": false}, {"bike_id": "b0f62ddd-34d8-4ff7-8f38-05c433c2070f", "lat": 38.907521, "lon": -77.04671, "battery_level": 38, "vehicle_type": "scooter", "is_reserved": false, "is_disabled": false}, {"bike_id": "b3e86e25-2c28-4863-97fa-c1d68ac3b9d4", "lat": 38.89698, "lon": -77.046482, "battery_level": 64, "vehicle_type": "scooter", "is_reserved": false, "is_disabled": false}, {"bike_id": "5a4f4815-9ead-4281-8566-8f91cd46f5e4", "lat": 38.906866, "lon": -77.05322, "battery_level": 67, "vehicle_type": "scooter", "is_reserved": false, "is_disabled": false}, {"bike_id": "ce2a40f3-35ba-42ab-a760-ccc0158d68f4", "lat": 38.899379, "lon": -77.047984, "battery_level": 39, "vehicle_type": "scooter", "is_reserved": false, "is_disabled": false}, {"bike_id": "201777cf-c6cf-42e5-a614-f7869164c43c", "lat": 38.917868, "lon": -77.028264, "battery_level": 82, "vehicle_type": "scooter", "is_reserved": false, "is_disabled": false}, {"bike_id": "8a10432d-efbc-48b6-a2ec-b1affb3bee63", "lat": 38.898247, "lon": -77.029761, "battery_level": 45, "vehicle_type": "scooter", "is_reserved": false, "is_disabled": false}, {"bike_id": "32303f34-69de-4c2f-8356-9e23ffe55fdf", "lat": 38.949492, "lon": -77.06647, "battery_level": 46, "vehicle_type": "scooter", "is_reserved": false, "is_disabled": false}, {"bike_id": "8014981c-7aee-4e86-a873-5314b2fc9397", "lat": 38.883761, "lon": -77.030107, "battery_level": 33, "vehicle_type": "scooter", "is_reserved": false, "is_disabled": false}, {"bike_id": "7a65a804-c26a-42c8-bdd3-a512233b0f62", "lat": 38.912574, "lon": -77.032169, "battery_level": 40, "vehicle_type": "scooter", "is_reserved": false, "is_disabled": false}, {"bike_id": "27f4f55d-5499-4270-a84b-c208d3513855", "lat": 38.89909, "lon": -77.028208, "battery_level": 51, "vehicle_type": "scooter", "is_reserved": false, "is_disabled": false}, {"bike_id": "aca93500-d153-4b2e-86f8-3fbd266b06d5", "lat": 38.919041, "lon": -77.045982, "battery_level": 93, "vehicle_type": "scooter", "is_reserved": false, "is_disabled": false}, {"bike_id": "b4c58429-9185-4a61-a5c4-6ad5403d321f", "lat": 38.911861, "lon": -77.032419, "battery_level": 55, "vehicle_type": "scooter", "is_reserved": false, "is_disabled": false}, {"bike_id": "ea0d1f06-34dd-4e7c-b19b-a72e6349fc73", "lat": 38.897819, "lon": -77.03312, "battery_level": 46, "vehicle_type": "scooter", "is_reserved": false, "is_disabled": false}, {"bike_id": "3be16db9-f267-4bc7-9506-5c3662b726dc", "lat": 38.908421, "lon": -77.062989, "battery_level": 30, "vehicle_type": "scooter", "is_reserved": false, "is_disabled": false}, {"bike_id": "6f9a9163-989a-49c2-9ea7-0e47a03955d4", "lat": 38.918586, "lon": -77.014812, "battery_level": 50, "vehicle_type": "scooter", "is_reserved": false, "is_disabled": false}, {"bike_id": "b90293aa-742e-490d-903b-c8aab1def1ac", "lat": 38.914102, "lon": -77.043214, "battery_level": 88, "vehicle_type": "scooter", "is_reserved": false, "is_disabled": false}, {"bike_id": "048cc50a-6ad6-469f-bbc8-6dd284878301", "lat": 38.914401, "lon": -77.053506, "battery_level": 91, "vehicle_type": "scooter", "is_reserved": false, "is_disabled": false}, {"bike_id": "4a6a3990-fcee-40ce-bf24-f8745a62ad6e", "lat": 38.903943, "lon": -77.058194, "battery_level": 98, "vehicle_type": "scooter", "is_reserved": false, "is_disabled": false}, {"bike_id": "1cec9f65-999f-474b-98a9-be31f2802655", "lat": 38.897258, "lon": -77.044131, "battery_level": 37, "vehicle_type": "scooter", "is_reserved": false, "is_disabled": false}, {"bike_id": "5eb7e2c1-4786-478d-905e-f1bea25ebb9d", "lat": 38.959755, "lon": -77.08639, "battery_level": 82, "vehicle_type": "scooter", "is_reserved": false, "is_disabled": false}, {"bike_id": "27b213be-4095-4542-b928-992f3867294b", "lat": 38.905546073838046, "lon": -77.0426684339317, "battery_level": 35, "vehicle_type": "scooter", "is_reserved": false, "is_disabled": false}, {"bike_id": "27924995-3e03-4fa1-9228-b1575d6cf918", "lat": 38.907863, "lon": -77.064972, "battery_level": 70, "vehicle_type": "scooter", "is_reserved": false, "is_disabled": false}, {"bike_id": "b67bd392-5347-41d7-8286-d08922594470", "lat": 38.901502, "lon": -77.017171, "battery_level": 56, "vehicle_type": "scooter", "is_reserved": false, "is_disabled": false}, {"bike_id": "510dbd0a-3411-4f1f-b370-1f0f37c80b5a", "lat": 38.92028, "lon": -77.037377, "battery_level": 76, "vehicle_type": "scooter", "is_reserved": false, "is_disabled": false}, {"bike_id": "af2334f1-7caf-40a8-bd05-1b7b85d53323", "lat": 38.903328, "lon": -77.029592, "battery_level": 58, "vehicle_type": "scooter", "is_reserved": false, "is_disabled": false}, {"bike_id": "f1d4886b-9843-44b4-8d44-ea4130cc6121", "lat": 38.915457, "lon": -77.031824, "battery_level": 98, "vehicle_type": "scooter", "is_reserved": false, "is_disabled": false}, {"bike_id": "836f7843-3761-4c34-a7ad-065ae4eff0f4", "lat": 38.904684, "lon": -77.06893, "battery_level": 43, "vehicle_type": "scooter", "is_reserved": false, "is_disabled": false}, {"bike_id": "9747683b-379e-4caf-856f-47353d97cab4", "lat": 38.861263, "lon": -76.985462, "battery_level": 65, "vehicle_type": "scooter", "is_reserved": false, "is_disabled": false}, {"bike_id": "f1747ca6-4570-4ae0-955e-3d61d5d9728f", "lat": 38.901437, "lon": -77.038978, "battery_level": 58, "vehicle_type": "scooter", "is_reserved": false, "is_disabled": false}, {"bike_id": "2696b9e0-94e9-4841-844f-5bc427a375f7", "lat": 38.910024, "lon": -77.038423, "battery_level": 37, "vehicle_type": "scooter", "is_reserved": false, "is_disabled": false}, {"bike_id": "93e26520-adb7-4c84-a197-6a831bc098f1", "lat": 38.891751, "lon": -77.01559, "battery_level": 33, "vehicle_type": "scooter", "is_reserved": false, "is_disabled": false}, {"bike_id": "bedf5e15-eb9b-4d39-8d3b-f8a26bffe65d", "lat": 38.945129, "lon": -77.030224, "battery_level": 35, "vehicle_type": "scooter", "is_reserved": false, "is_disabled": false}, {"bike_id": "7b5276e3-e702-40a5-bccb-2d4143c2648c", "lat": 38.904298, "lon": -77.000889, "battery_level": 29, "vehicle_type": "scooter", "is_reserved": false, "is_disabled": false}, {"bike_id": "cfeaf999-b9c7-4c64-afaa-578e91bad51a", "lat": 38.900694, "lon": -77.016981, "battery_level": 79, "vehicle_type": "scooter", "is_reserved": false, "is_disabled": false}, {"bike_id": "c598363b-503f-4066-94ee-ab180289d32f", "lat": 38.924559, "lon": -77.039522, "battery_level": 34, "vehicle_type": "scooter", "is_reserved": false, "is_disabled": false}, {"bike_id": "11b25d8a-99b4-49e7-a846-5bd5a4e4415e", "lat": 38.916333, "lon": -77.031523, "battery_level": 98, "vehicle_type": "scooter", "is_reserved": false, "is_disabled": false}, {"bike_id": "a5368d19-a243-45e2-8099-92aba06e1520", "lat": 38.88745, "lon": -77.025347, "battery_level": 31, "vehicle_type": "scooter", "is_reserved": false, "is_disabled": false}, {"bike_id": "4999ee96-65ee-439e-b80c-57d395affaf5", "lat": 38.911986, "lon": -77.022842, "battery_level": 81, "vehicle_type": "scooter", "is_reserved": false, "is_disabled": false}, {"bike_id": "8cf374e5-ed46-4e35-879c-5ed1f8b41aa5", "lat": 38.899109, "lon": -77.028216, "battery_level": 65, "vehicle_type": "scooter", "is_reserved": false, "is_disabled": false}, {"bike_id": "8eddf057-12d9-4933-b7df-8610cdafa01f", "lat": 38.911781, "lon": -77.017169, "battery_level": 67, "vehicle_type": "scooter", "is_reserved": false, "is_disabled": false}, {"bike_id": "0c7ede4e-40ad-4fed-9600-0dd58f72aa9e", "lat": 38.909753, "lon": -77.034351, "battery_level": 100, "vehicle_type": "scooter", "is_reserved": false, "is_disabled": false}, {"bike_id": "8f0c944d-4208-4471-8744-c0f65c6068ba", "lat": 38.916283, "lon": -77.011133, "battery_level": 32, "vehicle_type": "scooter", "is_reserved": false, "is_disabled": false}, {"bike_id": "e4423aef-7a47-417b-a4ef-fa7bd751a4c4", "lat": 38.899663, "lon": -77.026457, "battery_level": 89, "vehicle_type": "scooter", "is_reserved": false, "is_disabled": false}, {"bike_id": "006d4f80-c4ec-411d-8fd9-fa5d844741a4", "lat": 38.933404, "lon": -77.063701, "battery_level": 53, "vehicle_type": "scooter", "is_reserved": false, "is_disabled": false}, {"bike_id": "3bf12245-6a31-4f39-a83d-76bbce1e632b", "lat": 38.901826, "lon": -77.054499, "battery_level": 83, "vehicle_type": "scooter", "is_reserved": false, "is_disabled": false}, {"bike_id": "79ab48ad-4a39-4bf6-8eac-b02451876ee1", "lat": 38.896459, "lon": -77.027234, "battery_level": 35, "vehicle_type": "scooter", "is_reserved": false, "is_disabled": false}, {"bike_id": "9dbb7e28-04d1-493b-a24a-d8a6afc28d39", "lat": 38.909601, "lon": -77.034727, "battery_level": 98, "vehicle_type": "scooter", "is_reserved": false, "is_disabled": false}, {"bike_id": "24977215-510e-459b-a47b-72696bd01ed4", "lat": 38.907609, "lon": -77.042358, "battery_level": 82, "vehicle_type": "scooter", "is_reserved": false, "is_disabled": false}, {"bike_id": "2049e2b8-a186-4a0b-ba1d-8c471e5095b5", "lat": 38.891743, "lon": -77.032076, "battery_level": 79, "vehicle_type": "scooter", "is_reserved": false, "is_disabled": false}, {"bike_id": "c57d2648-3ae8-4551-b6a2-fd0c5c980ce9", "lat": 38.916208, "lon": -77.031889, "battery_level": 56, "vehicle_type": "scooter", "is_reserved": false, "is_disabled": false}, {"bike_id": "2457d6f6-9dca-4639-b931-180280f79801", "lat": 38.903401, "lon": -77.051018, "battery_level": 90, "vehicle_type": "scooter", "is_reserved": false, "is_disabled": false}, {"bike_id": "dad84745-d734-47b5-95e2-fe6a839ed45b", "lat": 38.90262, "lon": -77.036857, "battery_level": 92, "vehicle_type": "scooter", "is_reserved": false, "is_disabled": false}, {"bike_id": "a8cef7ae-8b06-404d-b9be-fc3b8aa66cd1", "lat": 38.921397, "lon": -77.047735, "battery_level": 83, "vehicle_type": "scooter", "is_reserved": false, "is_disabled": false}, {"bike_id": "2d6b1573-f1bf-417f-8b96-7958c63e835f", "lat": 38.906293, "lon": -77.048622, "battery_level": 45, "vehicle_type": "scooter", "is_reserved": false, "is_disabled": false}, {"bike_id": "82098273-c31f-44be-89c7-8c2b41497928", "lat": 38.908688, "lon": -77.024233, "battery_level": 35, "vehicle_type": "scooter", "is_reserved": false, "is_disabled": false}, {"bike_id": "f641e3cc-cea9-4d28-a950-d9eebf155d60", "lat": 38.908881, "lon": -77.003106, "battery_level": 56, "vehicle_type": "scooter", "is_reserved": false, "is_disabled": false}, {"bike_id": "a1dd0574-228a-411e-8898-eedaec924a29", "lat": 38.902746, "lon": -77.037538, "battery_level": 65, "vehicle_type": "scooter", "is_reserved": false, "is_disabled": false}, {"bike_id": "d101467e-6993-4617-9f67-7c59a1b74a93", "lat": 38.906461, "lon": -77.048702, "battery_level": 66, "vehicle_type": "scooter", "is_reserved": false, "is_disabled": false}, {"bike_id": "7f213560-2f11-4ef1-b841-9b42ec474749", "lat": 38.916941, "lon": -77.00569, "battery_level": 48, "vehicle_type": "scooter", "is_reserved": false, "is_disabled": false}, {"bike_id": "04767367-d9a1-409c-a7b2-31d5a5e31753", "lat": 38.915859, "lon": -77.067977, "battery_level": 88, "vehicle_type": "scooter", "is_reserved": false, "is_disabled": false}, {"bike_id": "18f46901-f0a1-406f-9337-d5225ce51974", "lat": 38.90229, "lon": -77.036777, "battery_level": 84, "vehicle_type": "scooter", "is_reserved": false, "is_disabled": false}, {"bike_id": "cf682771-d39c-4013-b5d4-27c817a0e90a", "lat": 38.905088, "lon": -77.048421, "battery_level": 33, "vehicle_type": "scooter", "is_reserved": false, "is_disabled": false}, {"bike_id": "aef76c84-03a0-4fc4-9ed2-ea00a4932a3c", "lat": 38.900788, "lon": -77.05013, "battery_level": 80, "vehicle_type": "scooter", "is_reserved": false, "is_disabled": false}, {"bike_id": "07fbcdf7-7f64-4e00-a10d-b5f80e47b7f3", "lat": 38.876941, "lon": -77.01676, "battery_level": 82, "vehicle_type": "scooter", "is_reserved": false, "is_disabled": false}, {"bike_id": "8e578260-a545-4845-b169-98d0d26057b5", "lat": 38.908247, "lon": -77.022481, "battery_level": 29, "vehicle_type": "scooter", "is_reserved": false, "is_disabled": false}, {"bike_id": "81f2df2e-166f-47a0-9cb4-b7a70182a416", "lat": 38.902365351132026, "lon": -77.02709192417285, "battery_level": 51, "vehicle_type": "scooter", "is_reserved": false, "is_disabled": false}, {"bike_id": "4024377d-00cc-4772-ab29-b50db8ceab30", "lat": 38.905338, "lon": -77.057092, "battery_level": 45, "vehicle_type": "scooter", "is_reserved": false, "is_disabled": false}, {"bike_id": "03478941-e804-4f35-836e-36ba97f3134c", "lat": 38.923427, "lon": -77.052438, "battery_level": 39, "vehicle_type": "scooter", "is_reserved": false, "is_disabled": false}, {"bike_id": "67aeb45e-9893-4797-9086-b7540e095796", "lat": 38.905857, "lon": -77.061066, "battery_level": 30, "vehicle_type": "scooter", "is_reserved": false, "is_disabled": false}, {"bike_id": "37b9bb04-94e0-4211-9303-abdcf15c01b3", "lat": 38.90282, "lon": -77.039491, "battery_level": 55, "vehicle_type": "scooter", "is_reserved": false, "is_disabled": false}, {"bike_id": "20a49bd6-1943-4d29-ad86-56e1701f0179", "lat": 38.905196, "lon": -77.05684, "battery_level": 98, "vehicle_type": "scooter", "is_reserved": false, "is_disabled": false}, {"bike_id": "9f9e1925-bf8a-4e18-81a3-e79c82f660fd", "lat": 38.915919, "lon": -76.982748, "battery_level": 76, "vehicle_type": "scooter", "is_reserved": false, "is_disabled": false}, {"bike_id": "1bc5f4ce-08cc-47d7-ae46-3064ce58a250", "lat": 38.929824, "lon": -77.0277, "battery_level": 58, "vehicle_type": "scooter", "is_reserved": false, "is_disabled": false}, {"bike_id": "842cd7f1-94b2-4c06-be27-7469e65b654c", "lat": 38.910467, "lon": -77.048918, "battery_level": 42, "vehicle_type": "scooter", "is_reserved": false, "is_disabled": false}, {"bike_id": "d57e942b-1568-4d65-9bea-d0bbd1249c6a", "lat": 38.907692, "lon": -76.999683, "battery_level": 34, "vehicle_type": "scooter", "is_reserved": false, "is_disabled": false}, {"bike_id": "4c230aef-8a5b-4f65-8fb8-702becce7ae5", "lat": 38.903178, "lon": -77.017085, "battery_level": 69, "vehicle_type": "scooter", "is_reserved": false, "is_disabled": false}, {"bike_id": "ccc9e88b-e967-4f6b-a8fe-21a248c9ab35", "lat": 38.907178, "lon": -77.029427, "battery_level": 49, "vehicle_type": "scooter", "is_reserved": false, "is_disabled": false}, {"bike_id": "2e11426f-1ced-42db-b547-532ac0a6e6bb", "lat": 38.91271088275957, "lon": -77.03492992564759, "battery_level": 88, "vehicle_type": "scooter", "is_reserved": false, "is_disabled": false}, {"bike_id": "f986e605-20d8-44ba-9899-5130e9f9b642", "lat": 38.901574, "lon": -77.032177, "battery_level": 64, "vehicle_type": "scooter", "is_reserved": false, "is_disabled": false}, {"bike_id": "6d2092c7-9978-4110-b534-95b75a315c62", "lat": 38.984782, "lon": -77.028698, "battery_level": 90, "vehicle_type": "scooter", "is_reserved": false, "is_disabled": false}, {"bike_id": "e5e6c3e0-0cd7-439c-87cf-3d032422dd35", "lat": 38.936465, "lon": -77.024389, "battery_level": 77, "vehicle_type": "scooter", "is_reserved": false, "is_disabled": false}, {"bike_id": "1d180ff5-a7bf-4852-871c-83d070b7f254", "lat": 38.912777, "lon": -77.017084, "battery_level": 61, "vehicle_type": "scooter", "is_reserved": false, "is_disabled": false}, {"bike_id": "4f2831ac-eb0d-42e6-b14d-3d5cbcb2e870", "lat": 38.894997, "lon": -77.002167, "battery_level": 33, "vehicle_type": "scooter", "is_reserved": false, "is_disabled": false}, {"bike_id": "4b8607ac-1472-47f5-a782-bfb3154e3b7a", "lat": 38.913562, "lon": -77.038623, "battery_level": 93, "vehicle_type": "scooter", "is_reserved": false, "is_disabled": false}, {"bike_id": "9e5ae5d6-c2c3-4b74-a8a3-56425a3714a2", "lat": 38.900145, "lon": -76.986886, "battery_level": 51, "vehicle_type": "scooter", "is_reserved": false, "is_disabled": false}, {"bike_id": "e6c1ba10-dbd0-4da9-9830-5b6234a0eace", "lat": 38.888481, "lon": -76.928483, "battery_level": 71, "vehicle_type": "scooter", "is_reserved": false, "is_disabled": false}, {"bike_id": "f6b6eca3-f3f6-4958-a6b0-80502e2b30f4", "lat": 38.925708, "lon": -77.029125, "battery_level": 75, "vehicle_type": "scooter", "is_reserved": false, "is_disabled": false}, {"bike_id": "f4900abe-dde2-449b-9eb3-b3848c323e11", "lat": 38.913153, "lon": -77.014639, "battery_level": 34, "vehicle_type": "scooter", "is_reserved": false, "is_disabled": false}, {"bike_id": "7108aab2-6caf-4fe4-a900-3981df07d864", "lat": 38.906466, "lon": -77.069254, "battery_level": 67, "vehicle_type": "scooter", "is_reserved": false, "is_disabled": false}, {"bike_id": "49cf7539-8c17-49a0-9746-32e1167581b9", "lat": 38.915805, "lon": -77.014399, "battery_level": 57, "vehicle_type": "scooter", "is_reserved": false, "is_disabled": false}, {"bike_id": "22ce0c33-01e4-4bed-a5bf-86be21a36538", "lat": 38.915358, "lon": -77.036645, "battery_level": 65, "vehicle_type": "scooter", "is_reserved": false, "is_disabled": false}, {"bike_id": "743543da-2f4b-42f9-a671-e7bffc5b1209", "lat": 38.906553, "lon": -77.073346, "battery_level": 67, "vehicle_type": "scooter", "is_reserved": false, "is_disabled": false}, {"bike_id": "0256c08b-1f96-495a-a8a9-8bf9349cff25", "lat": 38.906264, "lon": -77.024553, "battery_level": 68, "vehicle_type": "scooter", "is_reserved": false, "is_disabled": false}, {"bike_id": "4ff96c1f-b014-4fc1-bf66-46d0a196ac51", "lat": 38.906779, "lon": -76.985025, "battery_level": 54, "vehicle_type": "scooter", "is_reserved": false, "is_disabled": false}, {"bike_id": "74b7aae3-2e58-4b85-9bb4-d9c1ea61061f", "lat": 38.916471, "lon": -77.034608, "battery_level": 42, "vehicle_type": "scooter", "is_reserved": false, "is_disabled": false}, {"bike_id": "50b8dec8-8f90-41e4-b5fd-18f604da7ddf", "lat": 38.904964, "lon": -77.064998, "battery_level": 85, "vehicle_type": "scooter", "is_reserved": false, "is_disabled": false}, {"bike_id": "19514df2-31cb-42b7-98bb-21933566d178", "lat": 38.895079, "lon": -77.027265, "battery_level": 69, "vehicle_type": "scooter", "is_reserved": false, "is_disabled": false}, {"bike_id": "2e1e2686-082b-4898-b41b-ddfd7a8144dc", "lat": 38.872293, "lon": -77.0088, "battery_level": 40, "vehicle_type": "scooter", "is_reserved": false, "is_disabled": false}, {"bike_id": "a49d1bfa-d47d-44ed-afd8-46f7fcb3975f", "lat": 38.879517, "lon": -77.008812, "battery_level": 29, "vehicle_type": "scooter", "is_reserved": false, "is_disabled": false}, {"bike_id": "4274b231-bc4e-4091-85fd-83ef3a1266cc", "lat": 38.916553, "lon": -77.028738, "battery_level": 60, "vehicle_type": "scooter", "is_reserved": false, "is_disabled": false}, {"bike_id": "31221844-03a1-49ec-ac28-ac864f885812", "lat": 38.898594, "lon": -77.032422, "battery_level": 62, "vehicle_type": "scooter", "is_reserved": false, "is_disabled": false}, {"bike_id": "eb14004c-026f-41ac-9fb2-ed9f4863cabd", "lat": 38.900442, "lon": -77.045979, "battery_level": 29, "vehicle_type": "scooter", "is_reserved": false, "is_disabled": false}, {"bike_id": "18f3ede2-c656-4c52-9d44-215f7e9447b6", "lat": 38.90242, "lon": -77.035734, "battery_level": 36, "vehicle_type": "scooter", "is_reserved": false, "is_disabled": false}, {"bike_id": "10691260-3377-47df-8d40-4feebff6c86d", "lat": 38.923413, "lon": -77.052225, "battery_level": 80, "vehicle_type": "scooter", "is_reserved": false, "is_disabled": false}, {"bike_id": "2e6eb4ef-61cb-459b-b476-d79742c0879a", "lat": 38.913217, "lon": -77.036689, "battery_level": 82, "vehicle_type": "scooter", "is_reserved": false, "is_disabled": false}, {"bike_id": "ce80d881-c94f-4e0c-a48a-27eff8c839b2", "lat": 38.918258, "lon": -77.024736, "battery_level": 91, "vehicle_type": "scooter", "is_reserved": false, "is_disabled": false}, {"bike_id": "a15fc1c5-d430-4f9a-9911-d4502ebf015c", "lat": 38.89649, "lon": -77.027252, "battery_level": 89, "vehicle_type": "scooter", "is_reserved": false, "is_disabled": false}, {"bike_id": "e07ffe7a-11ba-4273-ba33-cbb6bc69d683", "lat": 38.90665, "lon": -77.031584, "battery_level": 34, "vehicle_type": "scooter", "is_reserved": false, "is_disabled": false}, {"bike_id": "4661abd4-82ef-478c-90ec-d7cb3e17826c", "lat": 38.915923, "lon": -77.014355, "battery_level": 46, "vehicle_type": "scooter", "is_reserved": false, "is_disabled": false}, {"bike_id": "8338cb38-cee6-4090-8d58-60a69acc7b5c", "lat": 38.897389, "lon": -77.013588, "battery_level": 74, "vehicle_type": "scooter", "is_reserved": false, "is_disabled": false}, {"bike_id": "2c63884f-c886-4f9d-b859-56d1dfaeab2a", "lat": 38.920052, "lon": -77.03115, "battery_level": 58, "vehicle_type": "scooter", "is_reserved": false, "is_disabled": false}, {"bike_id": "401950cd-9ea9-4a97-a603-e493cda0584d", "lat": 38.916005, "lon": -77.021422, "battery_level": 43, "vehicle_type": "scooter", "is_reserved": false, "is_disabled": false}, {"bike_id": "321b76c7-797f-4680-abcc-8bd762554adb", "lat": 38.898504, "lon": -77.047797, "battery_level": 100, "vehicle_type": "scooter", "is_reserved": false, "is_disabled": false}, {"bike_id": "8e491f09-808a-410d-ab98-a09b5f6da1a3", "lat": 38.909748, "lon": -77.041546, "battery_level": 93, "vehicle_type": "scooter", "is_reserved": false, "is_disabled": false}, {"bike_id": "d20cae3f-efe8-4752-81ef-4e997bef1691", "lat": 38.902674, "lon": -77.032184, "battery_level": 57, "vehicle_type": "scooter", "is_reserved": false, "is_disabled": false}, {"bike_id": "a608417d-1400-4bea-a56c-413ab25cd485", "lat": 38.914972, "lon": -77.038394, "battery_level": 88, "vehicle_type": "scooter", "is_reserved": false, "is_disabled": false}, {"bike_id": "c332b59f-0b3e-4756-8e32-7ff9835d37ab", "lat": 38.897602, "lon": -77.051398, "battery_level": 95, "vehicle_type": "scooter", "is_reserved": false, "is_disabled": false}, {"bike_id": "4a2232dd-4ec7-4853-a08b-a52397ce88db", "lat": 38.915707, "lon": -77.031686, "battery_level": 42, "vehicle_type": "scooter", "is_reserved": false, "is_disabled": false}, {"bike_id": "77c132f3-995b-464c-a793-f2a248040517", "lat": 38.905418, "lon": -77.057104, "battery_level": 49, "vehicle_type": "scooter", "is_reserved": false, "is_disabled": false}, {"bike_id": "57173901-6075-4f74-b2ee-0b6d693cae93", "lat": 38.911111, "lon": -77.026897, "battery_level": 36, "vehicle_type": "scooter", "is_reserved": false, "is_disabled": false}, {"bike_id": "ac34cd27-167f-4ac3-948d-44439efe7ec7", "lat": 38.901278, "lon": -77.04434, "battery_level": 98, "vehicle_type": "scooter", "is_reserved": false, "is_disabled": false}, {"bike_id": "40c43696-4b3c-456f-90f1-5556cf761fd0", "lat": 38.89834, "lon": -77.029851, "battery_level": 63, "vehicle_type": "scooter", "is_reserved": false, "is_disabled": false}, {"bike_id": "d2fb3dd4-31d4-477f-aafc-1d35abd85fdb", "lat": 38.897271, "lon": -77.052185, "battery_level": 82, "vehicle_type": "scooter", "is_reserved": false, "is_disabled": false}, {"bike_id": "ed096978-2e7a-4921-8a8e-a50e006431e9", "lat": 38.90431, "lon": -77.051386, "battery_level": 93, "vehicle_type": "scooter", "is_reserved": false, "is_disabled": false}, {"bike_id": "318bccca-d882-4b29-85fc-6f070224e7c9", "lat": 38.911768, "lon": -77.017966, "battery_level": 35, "vehicle_type": "scooter", "is_reserved": false, "is_disabled": false}, {"bike_id": "83e2f62b-6d00-4650-a9aa-b9ee704ecc35", "lat": 38.904203, "lon": -77.02376, "battery_level": 94, "vehicle_type": "scooter", "is_reserved": false, "is_disabled": false}, {"bike_id": "9aec1169-c5c0-4319-a771-c1363c6950b9", "lat": 38.910015, "lon": -77.038408, "battery_level": 97, "vehicle_type": "scooter", "is_reserved": false, "is_disabled": false}, {"bike_id": "47a49066-0858-432b-8206-4bc5a72b65ce", "lat": 38.928653, "lon": -77.033382, "battery_level": 63, "vehicle_type": "scooter", "is_reserved": false, "is_disabled": false}, {"bike_id": "71a03a3f-e409-42ab-8774-0fe4a95b0e26", "lat": 38.905795, "lon": -77.033556, "battery_level": 37, "vehicle_type": "scooter", "is_reserved": false, "is_disabled": false}, {"bike_id": "b0d19f6f-3ef3-4745-bdc8-92bd2ceb8fe2", "lat": 38.900826, "lon": -77.047694, "battery_level": 98, "vehicle_type": "scooter", "is_reserved": false, "is_disabled": false}, {"bike_id": "bae46079-37bc-4f6b-a2d7-0ae496009069", "lat": 38.925274, "lon": -77.060348, "battery_level": 90, "vehicle_type": "scooter", "is_reserved": false, "is_disabled": false}, {"bike_id": "cb960d79-ae42-41b4-84f6-d44250c7c0bf", "lat": 38.905695, "lon": -77.01657, "battery_level": 48, "vehicle_type": "scooter", "is_reserved": false, "is_disabled": false}, {"bike_id": "249e4d55-a0b3-42fb-9e0a-9a8f4fe7dbd6", "lat": 38.906536, "lon": -77.033778, "battery_level": 38, "vehicle_type": "scooter", "is_reserved": false, "is_disabled": false}, {"bike_id": "48678f19-03f5-4884-b841-7427055090d1", "lat": 38.900381, "lon": -77.012758, "battery_level": 29, "vehicle_type": "scooter", "is_reserved": false, "is_disabled": false}, {"bike_id": "7b2d17c7-fc62-43c3-a2fb-a4e0db066260", "lat": 38.911859, "lon": -77.071805, "battery_level": 47, "vehicle_type": "scooter", "is_reserved": false, "is_disabled": false}, {"bike_id": "d91989d3-bb25-4344-bd14-ab48b8510614", "lat": 38.863907, "lon": -76.97979, "battery_level": 44, "vehicle_type": "scooter", "is_reserved": false, "is_disabled": false}, {"bike_id": "de789fa7-e23e-444d-8a17-2d19c6343658", "lat": 38.907222, "lon": -77.031243, "battery_level": 97, "vehicle_type": "scooter", "is_reserved": false, "is_disabled": false}, {"bike_id": "9f389afb-7fbb-433a-85ce-9596cde52abf", "lat": 38.926735, "lon": -77.028637, "battery_level": 92, "vehicle_type": "scooter", "is_reserved": false, "is_disabled": false}, {"bike_id": "e8089181-d759-41f0-a0cd-5bf06752e4ab", "lat": 38.906687, "lon": -77.043443, "battery_level": 98, "vehicle_type": "scooter", "is_reserved": false, "is_disabled": false}, {"bike_id": "63d4098d-c013-48bb-a648-80c8e9e95130", "lat": 38.912639, "lon": -77.043821, "battery_level": 52, "vehicle_type": "scooter", "is_reserved": false, "is_disabled": false}, {"bike_id": "a24033d2-2bdd-4e5c-899f-97e24532a96e", "lat": 38.905207, "lon": -77.05124, "battery_level": 99, "vehicle_type": "scooter", "is_reserved": false, "is_disabled": false}, {"bike_id": "9484d020-055c-42c9-b1ba-a62969f127b4", "lat": 38.974806, "lon": -77.058996, "battery_level": 37, "vehicle_type": "scooter", "is_reserved": false, "is_disabled": false}, {"bike_id": "97e01191-cac7-45d2-ac90-99f0e59c9b4e", "lat": 38.888629, "lon": -76.982209, "battery_level": 40, "vehicle_type": "scooter", "is_reserved": false, "is_disabled": false}, {"bike_id": "5c0e745b-51a5-4695-a016-05a5ed0ae73a", "lat": 38.916296, "lon": -77.013943, "battery_level": 44, "vehicle_type": "scooter", "is_reserved": false, "is_disabled": false}, {"bike_id": "77d25183-5add-4141-b08c-bdfa390e1f6c", "lat": 38.874215, "lon": -77.009097, "battery_level": 43, "vehicle_type": "scooter", "is_reserved": false, "is_disabled": false}, {"bike_id": "ddc2c115-0da2-4945-a59b-d091927fab0f", "lat": 38.90245, "lon": -77.062801, "battery_level": 35, "vehicle_type": "scooter", "is_reserved": false, "is_disabled": false}, {"bike_id": "20a66fcb-cedb-4e68-b8e7-f57de3c9bd92", "lat": 38.892523, "lon": -77.032156, "battery_level": 74, "vehicle_type": "scooter", "is_reserved": false, "is_disabled": false}, {"bike_id": "226136a8-f8a0-42c2-b755-634b7a7d2398", "lat": 38.909694, "lon": -77.034404, "battery_level": 100, "vehicle_type": "scooter", "is_reserved": false, "is_disabled": false}, {"bike_id": "1cc2e8ba-84bf-4d23-afb7-86f3c62d6ab6", "lat": 38.90445, "lon": -77.031313, "battery_level": 66, "vehicle_type": "scooter", "is_reserved": false, "is_disabled": false}, {"bike_id": "c292c0dd-0668-4eb3-bd15-ad059bdff455", "lat": 38.90546451792019, "lon": -77.03451083048901, "battery_level": 38, "vehicle_type": "scooter", "is_reserved": false, "is_disabled": false}, {"bike_id": "8500c94d-186e-476f-bee2-c4acbe647762", "lat": 38.927232, "lon": -77.027479, "battery_level": 75, "vehicle_type": "scooter", "is_reserved": false, "is_disabled": false}, {"bike_id": "f6f1c94e-5481-4727-ab06-fd23c2393d2c", "lat": 38.908032, "lon": -77.03455, "battery_level": 77, "vehicle_type": "scooter", "is_reserved": false, "is_disabled": false}, {"bike_id": "18003b4c-82d4-4b4d-a34d-a2fbcfaac2e4", "lat": 38.908434, "lon": -77.032901, "battery_level": 97, "vehicle_type": "scooter", "is_reserved": false, "is_disabled": false}, {"bike_id": "6ac3c164-a075-48f0-9115-85f85255ece3", "lat": 38.905368, "lon": -77.048795, "battery_level": 65, "vehicle_type": "scooter", "is_reserved": false, "is_disabled": false}, {"bike_id": "f9a7f1e9-806a-4b41-87ef-cdc3019a612d", "lat": 38.914138, "lon": -77.028182, "battery_level": 49, "vehicle_type": "scooter", "is_reserved": false, "is_disabled": false}, {"bike_id": "2323f467-5d93-4073-9177-8637b9f18c76", "lat": 38.859055, "lon": -76.989463, "battery_level": 44, "vehicle_type": "scooter", "is_reserved": false, "is_disabled": false}, {"bike_id": "63f98606-3f59-44b5-bb65-21a91aeab734", "lat": 38.909709, "lon": -77.034401, "battery_level": 100, "vehicle_type": "scooter", "is_reserved": false, "is_disabled": false}, {"bike_id": "2738dbf0-6f79-48b6-8b72-0a774a66e3e6", "lat": 38.911665, "lon": -77.065577, "battery_level": 65, "vehicle_type": "scooter", "is_reserved": false, "is_disabled": false}, {"bike_id": "4938c6d0-daf7-41e1-a325-ad507fc74e3c", "lat": 38.893192, "lon": -77.041833, "battery_level": 46, "vehicle_type": "scooter", "is_reserved": false, "is_disabled": false}, {"bike_id": "2c487021-8864-4a33-834b-2e9e3d252a78", "lat": 38.892261, "lon": -77.015387, "battery_level": 49, "vehicle_type": "scooter", "is_reserved": false, "is_disabled": false}, {"bike_id": "ecf39003-02d1-434c-826d-7686bbe310a5", "lat": 38.914337, "lon": -77.009485, "battery_level": 82, "vehicle_type": "scooter", "is_reserved": false, "is_disabled": false}, {"bike_id": "c167fc2d-8f59-48c9-991d-20ddfbe11d5f", "lat": 38.937562, "lon": -77.024734, "battery_level": 33, "vehicle_type": "scooter", "is_reserved": false, "is_disabled": false}, {"bike_id": "c9456563-26cc-4a5a-8bae-99e1c128d0d8", "lat": 38.89233, "lon": -77.045437, "battery_level": 60, "vehicle_type": "scooter", "is_reserved": false, "is_disabled": false}, {"bike_id": "f269dc7c-fff2-4398-ab59-7f47f23ca998", "lat": 38.902376, "lon": -77.035618, "battery_level": 58, "vehicle_type": "scooter", "is_reserved": false, "is_disabled": false}, {"bike_id": "03e1deb5-a367-42d9-9913-0f1134c7314c", "lat": 38.901637, "lon": -77.047081, "battery_level": 96, "vehicle_type": "scooter", "is_reserved": false, "is_disabled": false}, {"bike_id": "4778e5ad-5fff-41d7-b429-397dc651ffdf", "lat": 38.903946, "lon": -77.018226, "battery_level": 42, "vehicle_type": "scooter", "is_reserved": false, "is_disabled": false}, {"bike_id": "5e541863-f887-4c6f-b692-528861599697", "lat": 38.896534, "lon": -77.032999, "battery_level": 42, "vehicle_type": "scooter", "is_reserved": false, "is_disabled": false}, {"bike_id": "3451fa39-b91f-4068-a6e9-37a79fd39798", "lat": 38.903696, "lon": -77.061069, "battery_level": 83, "vehicle_type": "scooter", "is_reserved": false, "is_disabled": false}, {"bike_id": "7d1898ff-33df-4f0a-9f04-11c348bb04e5", "lat": 38.881167, "lon": -77.026602, "battery_level": 86, "vehicle_type": "scooter", "is_reserved": false, "is_disabled": false}, {"bike_id": "ff38b12e-3fc5-4c4e-9de1-c3ca0c7dc130", "lat": 38.900904, "lon": -77.016324, "battery_level": 61, "vehicle_type": "scooter", "is_reserved": false, "is_disabled": false}, {"bike_id": "81a34f45-47a4-4e17-83d1-98b259d6fbb4", "lat": 38.909987, "lon": -77.00547, "battery_level": 35, "vehicle_type": "scooter", "is_reserved": false, "is_disabled": false}, {"bike_id": "72492227-06cc-4f7a-b63d-c2666a146e8c", "lat": 38.90063, "lon": -77.048983, "battery_level": 66, "vehicle_type": "scooter", "is_reserved": false, "is_disabled": false}, {"bike_id": "bc00d491-1b34-4311-9305-8f9dac3f86a8", "lat": 38.879175, "lon": -76.999131, "battery_level": 57, "vehicle_type": "scooter", "is_reserved": false, "is_disabled": false}, {"bike_id": "34ba609b-ecb3-4ac0-88b1-2e7865e7e48b", "lat": 38.905494, "lon": -77.002886, "battery_level": 32, "vehicle_type": "scooter", "is_reserved": false, "is_disabled": false}, {"bike_id": "ea2e36a0-5933-433c-883d-85fedca9d831", "lat": 38.902164, "lon": -77.021589, "battery_level": 40, "vehicle_type": "scooter", "is_reserved": false, "is_disabled": false}, {"bike_id": "914ad822-69e5-4143-a91a-8c85cb7dc344", "lat": 38.894613, "lon": -77.031737, "battery_level": 81, "vehicle_type": "scooter", "is_reserved": false, "is_disabled": false}, {"bike_id": "3d7fefe4-d94c-4ac0-bef8-0548b6390647", "lat": 38.893928, "lon": -77.024288, "battery_level": 38, "vehicle_type": "scooter", "is_reserved": false, "is_disabled": false}, {"bike_id": "26b62f91-f642-41b6-8117-d567d6f91b51", "lat": 38.906438, "lon": -77.053068, "battery_level": 100, "vehicle_type": "scooter", "is_reserved": false, "is_disabled": false}, {"bike_id": "415246d5-4be1-4d85-b8be-fc4922c275f7", "lat": 38.909339, "lon": -77.026528, "battery_level": 52, "vehicle_type": "scooter", "is_reserved": false, "is_disabled": false}, {"bike_id": "d5e34b07-6504-41b2-a506-fec9c30ac002", "lat": 38.903765, "lon": -77.043624, "battery_level": 45, "vehicle_type": "scooter", "is_reserved": false, "is_disabled": false}, {"bike_id": "13db5747-7ac0-4b81-83a3-ef3a62968e9b", "lat": 38.902011, "lon": -77.025985, "battery_level": 33, "vehicle_type": "scooter", "is_reserved": false, "is_disabled": false}, {"bike_id": "8825a997-265c-43ce-95ea-67d8ab68b2b1", "lat": 38.906534, "lon": -77.04258, "battery_level": 40, "vehicle_type": "scooter", "is_reserved": false, "is_disabled": false}, {"bike_id": "f43c05b2-4e70-4f81-a2a1-73cfc04c3a23", "lat": 38.904366, "lon": -77.062687, "battery_level": 44, "vehicle_type": "scooter", "is_reserved": false, "is_disabled": false}, {"bike_id": "36a94fab-8ba8-4c9f-9ed2-a73bf107b46d", "lat": 38.907476, "lon": -77.04486, "battery_level": 37, "vehicle_type": "scooter", "is_reserved": false, "is_disabled": false}, {"bike_id": "6f7f2d57-83cc-4156-bab8-a1163944cc89", "lat": 38.902957, "lon": -77.025575, "battery_level": 48, "vehicle_type": "scooter", "is_reserved": false, "is_disabled": false}, {"bike_id": "7ae3f0ff-718d-4e6f-86e1-bd2cf914729e", "lat": 38.906782, "lon": -77.073363, "battery_level": 33, "vehicle_type": "scooter", "is_reserved": false, "is_disabled": false}, {"bike_id": "6ff29368-3040-44b0-98c0-a7fa285525ff", "lat": 38.905133, "lon": -77.068871, "battery_level": 66, "vehicle_type": "scooter", "is_reserved": false, "is_disabled": false}, {"bike_id": "39459d10-9a2b-4fbb-99ff-b3f34e18e880", "lat": 38.893171, "lon": -77.041858, "battery_level": 46, "vehicle_type": "scooter", "is_reserved": false, "is_disabled": false}, {"bike_id": "c4b7a24d-1207-4d68-be30-a140167b2992", "lat": 38.92036, "lon": -77.043586, "battery_level": 90, "vehicle_type": "scooter", "is_reserved": false, "is_disabled": false}, {"bike_id": "dbf39fea-c60b-49e8-9b1c-67e638f64b3c", "lat": 38.896447, "lon": -77.029026, "battery_level": 36, "vehicle_type": "scooter", "is_reserved": false, "is_disabled": false}, {"bike_id": "f689326d-d691-4d84-974e-391414fa4034", "lat": 38.906086, "lon": -77.070045, "battery_level": 41, "vehicle_type": "scooter", "is_reserved": false, "is_disabled": false}, {"bike_id": "a0116255-95cb-468e-9c89-6c84ea8dd817", "lat": 38.941002, "lon": -77.024103, "battery_level": 33, "vehicle_type": "scooter", "is_reserved": false, "is_disabled": false}, {"bike_id": "6b69780e-d5a5-46f7-98bd-d036397c3cb6", "lat": 38.908598, "lon": -77.063918, "battery_level": 29, "vehicle_type": "scooter", "is_reserved": false, "is_disabled": false}, {"bike_id": "10a81685-4404-4873-8109-d8241327a113", "lat": 38.908729, "lon": -77.023934, "battery_level": 47, "vehicle_type": "scooter", "is_reserved": false, "is_disabled": false}, {"bike_id": "537a916c-1f40-46ed-a782-463efba9c5b4", "lat": 38.901377, "lon": -77.051511, "battery_level": 96, "vehicle_type": "scooter", "is_reserved": false, "is_disabled": false}, {"bike_id": "0a5afc30-1d9c-4706-abb5-224c46a2b46b", "lat": 38.908342, "lon": -77.033068, "battery_level": 93, "vehicle_type": "scooter", "is_reserved": false, "is_disabled": false}, {"bike_id": "05f6a83d-b43f-473f-8ec0-0ec7a30b2def", "lat": 38.926685, "lon": -77.029228, "battery_level": 38, "vehicle_type": "scooter", "is_reserved": false, "is_disabled": false}, {"bike_id": "966394f0-0b86-41b4-959e-5f95e7582ea0", "lat": 38.909277, "lon": -77.061682, "battery_level": 53, "vehicle_type": "scooter", "is_reserved": false, "is_disabled": false}, {"bike_id": "45eae169-e937-4663-ba48-d70d3176ba31", "lat": 38.89828, "lon": -77.04762, "battery_level": 100, "vehicle_type": "scooter", "is_reserved": false, "is_disabled": false}, {"bike_id": "46bf2afb-b0b6-4ffb-9159-d38686af4c80", "lat": 38.905258, "lon": -77.064425, "battery_level": 99, "vehicle_type": "scooter", "is_reserved": false, "is_disabled": false}, {"bike_id": "9edfeb58-7a75-49b4-8ce5-6dde5fdef72a", "lat": 38.923931, "lon": -77.031134, "battery_level": 62, "vehicle_type": "scooter", "is_reserved": false, "is_disabled": false}, {"bike_id": "d93bc3d8-bc90-43c4-b48f-59fe6111cd2c", "lat": 38.934111, "lon": -77.023857, "battery_level": 52, "vehicle_type": "scooter", "is_reserved": false, "is_disabled": false}, {"bike_id": "c50fb66f-25c3-4121-8fa9-9cb266b31121", "lat": 38.870903, "lon": -77.013778, "battery_level": 31, "vehicle_type": "scooter", "is_reserved": false, "is_disabled": false}, {"bike_id": "227dc1a5-75ef-4c86-870b-89d72926c6c2", "lat": 38.900035, "lon": -77.052682, "battery_level": 73, "vehicle_type": "scooter", "is_reserved": false, "is_disabled": false}, {"bike_id": "b9c696a8-6f20-476a-8673-0eaf9c989467", "lat": 38.928321, "lon": -77.073335, "battery_level": 42, "vehicle_type": "scooter", "is_reserved": false, "is_disabled": false}, {"bike_id": "d36b2e08-fe2f-4785-93e1-8577fe7ef750", "lat": 38.905196, "lon": -77.052016, "battery_level": 64, "vehicle_type": "scooter", "is_reserved": false, "is_disabled": false}, {"bike_id": "a0af881f-c26b-4882-96e7-5847803eaeeb", "lat": 38.8907, "lon": -77.017798, "battery_level": 34, "vehicle_type": "scooter", "is_reserved": false, "is_disabled": false}, {"bike_id": "4a6e2106-2c8c-4604-8413-48a273c362c6", "lat": 38.935949, "lon": -77.035285, "battery_level": 31, "vehicle_type": "scooter", "is_reserved": false, "is_disabled": false}, {"bike_id": "1418d7c1-a543-4ee8-b36c-c186ac5c9ade", "lat": 38.901679, "lon": -77.032378, "battery_level": 83, "vehicle_type": "scooter", "is_reserved": false, "is_disabled": false}, {"bike_id": "9b461fce-6a58-48f1-9a84-e0457a505276", "lat": 38.912539, "lon": -77.036599, "battery_level": 86, "vehicle_type": "scooter", "is_reserved": false, "is_disabled": false}, {"bike_id": "57a8b9a7-da23-4c92-b8eb-5e72cfed7745", "lat": 38.928842, "lon": -77.09195, "battery_level": 58, "vehicle_type": "scooter", "is_reserved": false, "is_disabled": false}, {"bike_id": "6c6f4b4d-6f59-49d7-8b73-9aa83401f6da", "lat": 38.901512, "lon": -77.041743, "battery_level": 99, "vehicle_type": "scooter", "is_reserved": false, "is_disabled": false}, {"bike_id": "f9a41f48-115c-48d9-8db2-5ea3486f7c1d", "lat": 38.904695, "lon": -77.039018, "battery_level": 87, "vehicle_type": "scooter", "is_reserved": false, "is_disabled": false}, {"bike_id": "d810e317-d0db-4c78-948f-b014a6f4b2e2", "lat": 38.892313, "lon": -77.013587, "battery_level": 45, "vehicle_type": "scooter", "is_reserved": false, "is_disabled": false}, {"bike_id": "1b43fd6f-c63a-4a6f-85cd-b28d547e264a", "lat": 38.90136, "lon": -77.045413, "battery_level": 30, "vehicle_type": "scooter", "is_reserved": false, "is_disabled": false}, {"bike_id": "498ca00d-1a12-42c2-9915-b5ed1efd6776", "lat": 38.936261, "lon": -77.024153, "battery_level": 81, "vehicle_type": "scooter", "is_reserved": false, "is_disabled": false}, {"bike_id": "305654bd-ce72-44c1-929a-65d6722d673a", "lat": 38.907495, "lon": -76.986884, "battery_level": 60, "vehicle_type": "scooter", "is_reserved": false, "is_disabled": false}, {"bike_id": "57ea9730-4435-41c5-a96a-3df0dd565433", "lat": 38.909631, "lon": -77.053087, "battery_level": 76, "vehicle_type": "scooter", "is_reserved": false, "is_disabled": false}, {"bike_id": "2f42a5ce-b1fd-4c69-9dbc-8580d8eaba64", "lat": 38.895985, "lon": -77.027502, "battery_level": 66, "vehicle_type": "scooter", "is_reserved": false, "is_disabled": false}, {"bike_id": "f4e58860-1899-41ee-a87d-2f520c3ae431", "lat": 38.909905, "lon": -77.037501, "battery_level": 95, "vehicle_type": "scooter", "is_reserved": false, "is_disabled": false}, {"bike_id": "e14e8a61-37d4-48ec-87c9-00e0d08667cf", "lat": 38.915674, "lon": -77.03339, "battery_level": 75, "vehicle_type": "scooter", "is_reserved": false, "is_disabled": false}, {"bike_id": "af300315-303d-4725-b621-554fc2bb171a", "lat": 38.908241, "lon": -77.044906, "battery_level": 100, "vehicle_type": "scooter", "is_reserved": false, "is_disabled": false}, {"bike_id": "a4f67c9e-96f6-4028-9dfd-b6bb5db8d1ec", "lat": 38.909299, "lon": -77.057033, "battery_level": 52, "vehicle_type": "scooter", "is_reserved": false, "is_disabled": false}, {"bike_id": "e86cbcdd-1cc6-4ddb-b645-7e1211b1372f", "lat": 38.8923, "lon": -77.01545, "battery_level": 40, "vehicle_type": "scooter", "is_reserved": false, "is_disabled": false}, {"bike_id": "c6c404c7-894b-48f1-920f-f8e4d15955cd", "lat": 38.900716, "lon": -77.047762, "battery_level": 73, "vehicle_type": "scooter", "is_reserved": false, "is_disabled": false}, {"bike_id": "9ef647ab-6c67-42bd-bd1f-1de036f745c7", "lat": 38.908635, "lon": -77.031903, "battery_level": 95, "vehicle_type": "scooter", "is_reserved": false, "is_disabled": false}, {"bike_id": "643a7a6c-9b24-44a3-a9d2-63bbdafee8a3", "lat": 38.899603, "lon": -77.050206, "battery_level": 35, "vehicle_type": "scooter", "is_reserved": false, "is_disabled": false}, {"bike_id": "19f45358-be39-4ec0-a9fb-95864c1e5091", "lat": 38.91562, "lon": -77.009557, "battery_level": 30, "vehicle_type": "scooter", "is_reserved": false, "is_disabled": false}, {"bike_id": "bee4e532-6cc7-4c31-9111-5139aa5bad97", "lat": 38.898483, "lon": -77.033415, "battery_level": 66, "vehicle_type": "scooter", "is_reserved": false, "is_disabled": false}, {"bike_id": "cbf61f83-c73e-44dd-90ca-2cc24612af11", "lat": 38.896724, "lon": -77.050381, "battery_level": 56, "vehicle_type": "scooter", "is_reserved": false, "is_disabled": false}, {"bike_id": "e65a9637-25d5-4a6e-bbd3-186b51a44ea7", "lat": 38.905309, "lon": -77.050244, "battery_level": 100, "vehicle_type": "scooter", "is_reserved": false, "is_disabled": false}, {"bike_id": "81e93a23-b4b8-4d09-85e5-8f0594ab8a9d", "lat": 38.905752, "lon": -77.028001, "battery_level": 54, "vehicle_type": "scooter", "is_reserved": false, "is_disabled": false}, {"bike_id": "168f82b4-5eda-4916-a17f-9642fbda2545", "lat": 38.912459, "lon": -77.03838, "battery_level": 63, "vehicle_type": "scooter", "is_reserved": false, "is_disabled": false}, {"bike_id": "5447aa65-370c-4e2c-8296-ea3f462d94a9", "lat": 38.957334, "lon": -77.023876, "battery_level": 81, "vehicle_type": "scooter", "is_reserved": false, "is_disabled": false}, {"bike_id": "d4b6073c-675d-454f-853b-50ac50f6eaea", "lat": 38.94201, "lon": -77.059128, "battery_level": 58, "vehicle_type": "scooter", "is_reserved": false, "is_disabled": false}, {"bike_id": "b87315cf-6938-46af-847f-961bc2a65241", "lat": 38.887435, "lon": -77.030652, "battery_level": 42, "vehicle_type": "scooter", "is_reserved": false, "is_disabled": false}, {"bike_id": "5a5712e5-ce3a-4339-b426-a18075b94140", "lat": 38.910246, "lon": -77.064656, "battery_level": 71, "vehicle_type": "scooter", "is_reserved": false, "is_disabled": false}]}}