{"data": {"bikes": [{"bike_id": "f4900abe-dde2-449b-9eb3-b3848c323e11", "lat": 38.913153, "lon": -77.014639, "battery_level": 34, "vehicle_type": "scooter", "is_reserved": false, "is_disabled": false}, {"bike_id": "4999ee96-65ee-439e-b80c-57d395affaf5", "lat": 38.911986, "lon": -77.022842, "battery_level": 81, "vehicle_type": "scooter", "is_reserved": false, "is_disabled": false}, {"bike_id": "dbf39fea-c60b-49e8-9b1c-67e638f64b3c", "lat": 38.896447, "lon": -77.029026, "battery_level": 36, "vehicle_type": "scooter", "is_reserved": false, "is_disabled": false}, {"bike_id": "57a8b9a7-da23-4c92-b8eb-5e72cfed7745", "lat": 38.928842, "lon": -77.09195, "battery_level": 57, "vehicle_type": "scooter", "is_reserved": false, "is_disabled": false}, {"bike_id": "7f213560-2f11-4ef1-b841-9b42ec474749", "lat": 38.916941, "lon": -77.00569, "battery_level": 49, "vehicle_type": "scooter", "is_reserved": false, "is_disabled": false}, {"bike_id": "d93bc3d8-bc90-43c4-b48f-59fe6111cd2c", "lat": 38.934111, "lon": -77.023857, "battery_level": 35, "vehicle_type": "scooter", "is_reserved": false, "is_disabled": false}, {"bike_id": "01eea199-f2c3-4683-b07e-628acbc7ddde", "lat": 38.899097, "lon": -77.012689, "battery_level": 31, "vehicle_type": "scooter", "is_reserved": false, "is_disabled": false}, {"bike_id": "81a34f45-47a4-4e17-83d1-98b259d6fbb4", "lat": 38.909987, "lon": -77.00547, "battery_level": 35, "vehicle_type": "scooter", "is_reserved": false, "is_disabled": false}, {"bike_id": "ac34cd27-167f-4ac3-948d-44439efe7ec7", "lat": 38.901278, "lon": -77.04434, "battery_level": 98, "vehicle_type": "scooter", "is_reserved": false, "is_disabled": false}, {"bike_id": "e4079af8-c44f-4a45-9f36-940a76c103ac", "lat": 38.899991, "lon": -77.043423, "battery_level": 87, "vehicle_type": "scooter", "is_reserved": false, "is_disabled": false}, {"bike_id": "401950cd-9ea9-4a97-a603-e493cda0584d", "lat": 38.916005, "lon": -77.021422, "battery_level": 43, "vehicle_type": "scooter", "is_reserved": false, "is_disabled": false}, {"bike_id": "82fd24f1-09c7-4255-8f3a-902d5bb9d121", "lat": 38.901036, "lon": -77.040093, "battery_level": 93, "vehicle_type": "scooter", "is_reserved": false, "is_disabled": false}, {"bike_id": "a5368d19-a243-45e2-8099-92aba06e1520", "lat": 38.88745, "lon": -77.025347, "battery_level": 31, "vehicle_type": "scooter", "is_reserved": false, "is_disabled": false}, {"bike_id": "c6c404c7-894b-48f1-920f-f8e4d15955cd", "lat": 38.900716, "lon": -77.047762, "battery_level": 73, "vehicle_type": "scooter", "is_reserved": false, "is_disabled": false}, {"bike_id": "227dc1a5-75ef-4c86-870b-89d72926c6c2", "lat": 38.900035, "lon": -77.052682, "battery_level": 73, "vehicle_type": "scooter", "is_reserved": false, "is_disabled": false}, {"bike_id": "03e1deb5-a367-42d9-9913-0f1134c7314c", "lat": 38.901637, "lon": -77.047081, "battery_level": 96, "vehicle_type": "scooter", "is_reserved": false, "is_disabled": false}, {"bike_id": "1b43fd6f-c63a-4a6f-85cd-b28d547e264a", "lat": 38.90136, "lon": -77.045413, "battery_level": 30, "vehicle_type": "scooter", "is_reserved": false, "is_disabled": false}, {"bike_id": "2fe4d78e-5d9f-42dd-8957-6db1f4551819", "lat": 38.900882, "lon": -77.045464, "battery_level": 46, "vehicle_type": "scooter", "is_reserved": false, "is_disabled": false}, {"bike_id": "b19a2c26-27d1-42c8-86ad-623ca43e0a96", "lat": 38.896105, "lon": -77.028231, "battery_level": 96, "vehicle_type": "scooter", "is_reserved": false, "is_disabled": false}, {"bike_id": "4485d4f4-96aa-4d1d-8a88-34e054e2bfba", "lat": 38.899775, "lon": -77.02474, "battery_level": 35, "vehicle_type": "scooter", "is_reserved": false, "is_disabled": false}, {"bike_id": "2696b9e0-94e9-4841-844f-5bc427a375f7", "lat": 38.910024, "lon": -77.038423, "battery_level": 37, "vehicle_type": "scooter", "is_reserved": false, "is_disabled": false}, {"bike_id": "5bff4311-f60e-49e3-a5ba-832c1d739904", "lat": 38.92096, "lon": -77.034226, "battery_level": 46, "vehicle_type": "scooter", "is_reserved": false, "is_disabled": false}, {"bike_id": "638e50dc-872f-48aa-a7e4-dca2b1e2e746", "lat": 38.911333, "lon": -77.044091, "battery_level": 80, "vehicle_type": "scooter", "is_reserved": false, "is_disabled": false}, {"bike_id": "498ca00d-1a12-42c2-9915-b5ed1efd6776", "lat": 38.936261, "lon": -77.024153, "battery_level": 81, "vehicle_type": "scooter", "is_reserved": false, "is_disabled": false}, {"bike_id": "bedf5e15-eb9b-4d39-8d3b-f8a26bffe65d", "lat": 38.945129, "lon": -77.030224, "battery_level": 35, "vehicle_type": "scooter", "is_reserved": false, "is_disabled": false}, {"bike_id": "d2fb3dd4-31d4-477f-aafc-1d35abd85fdb", "lat": 38.897271, "lon": -77.052185, "battery_level": 82, "vehicle_type": "scooter", "is_reserved": false, "is_disabled": false}, {"bike_id": "168f82b4-5eda-4916-a17f-9642fbda2545", "lat": 38.912459, "lon": -77.03838, "battery_level": 63, "vehicle_type": "scooter", "is_reserved": false, "is_disabled": false}, {"bike_id": "21f5d8ef-a4e5-44f7-b91e-c93d27c7fcf5", "lat": 38.943701, "lon": -77.032657, "battery_level": 73, "vehicle_type": "scooter", "is_reserved": false, "is_disabled": false}, {"bike_id": "dad84745-d734-47b5-95e2-fe6a839ed45b", "lat": 38.90262, "lon": -77.036857, "battery_level": 92, "vehicle_type": "scooter", "is_reserved": false, "is_disabled": false}, {"bike_id": "f6b6eca3-f3f6-4958-a6b0-80502e2b30f4", "lat": 38.925708, "lon": -77.029125, "battery_level": 75, "vehicle_type": "scooter", "is_reserved": false, "is_disabled": false}, {"bike_id": "6c0b2a24-fd4e-4c16-81e9-9007d106a523", "lat": 38.904274, "lon": -77.000945, "battery_level": 48, "vehicle_type": "scooter", "is_reserved": false, "is_disabled": false}, {"bike_id": "7b5276e3-e702-40a5-bccb-2d4143c2648c", "lat": 38.904211, "lon": -77.000957, "battery_level": 29, "vehicle_type": "scooter", "is_reserved": false, "is_disabled": false}, {"bike_id": "3be16db9-f267-4bc7-9506-5c3662b726dc", "lat": 38.908421, "lon": -77.062989, "battery_level": 30, "vehicle_type": "scooter", "is_reserved": false, "is_disabled": false}, {"bike_id": "ddc2c115-0da2-4945-a59b-d091927fab0f", "lat": 38.902493, "lon": -77.063114, "battery_level": 35, "vehicle_type": "scooter", "is_reserved": false, "is_disabled": false}, {"bike_id": "67d83348-113e-4592-952c-eec278e7e778", "lat": 38.912497, "lon": -77.030667, "battery_level": 61, "vehicle_type": "scooter", "is_reserved": false, "is_disabled": false}, {"bike_id": "d61faa53-f1a3-4563-9877-5d44928e75a0", "lat": 38.914188, "lon": -77.021939, "battery_level": 60, "vehicle_type": "scooter", "is_reserved": false, "is_disabled": false}, {"bike_id": "18f3ede2-c656-4c52-9d44-215f7e9447b6", "lat": 38.90242, "lon": -77.035734, "battery_level": 35, "vehicle_type": "scooter", "is_reserved": false, "is_disabled": false}, {"bike_id": "ccc9e88b-e967-4f6b-a8fe-21a248c9ab35", "lat": 38.907178, "lon": -77.029427, "battery_level": 49, "vehicle_type": "scooter", "is_reserved": false, "is_disabled": false}, {"bike_id": "6c6f4b4d-6f59-49d7-8b73-9aa83401f6da", "lat": 38.901372, "lon": -77.040871, "battery_level": 99, "vehicle_type": "scooter", "is_reserved": false, "is_disabled": false}, {"bike_id": "9e5ae5d6-c2c3-4b74-a8a3-56425a3714a2", "lat": 38.900145, "lon": -76.986886, "battery_level": 51, "vehicle_type": "scooter", "is_reserved": false, "is_disabled": false}, {"bike_id": "99f67521-0e99-41fe-a96f-f748a3a62e28", "lat": 38.889953, "lon": -76.984641, "battery_level": 76, "vehicle_type": "scooter", "is_reserved": false, "is_disabled": false}, {"bike_id": "08543cee-d566-4c47-8407-62381014f032", "lat": 38.896672, "lon": -76.998318, "battery_level": 77, "vehicle_type": "scooter", "is_reserved": false, "is_disabled": false}, {"bike_id": "5e541863-f887-4c6f-b692-528861599697", "lat": 38.896534, "lon": -77.032999, "battery_level": 42, "vehicle_type": "scooter", "is_reserved": false, "is_disabled": false}, {"bike_id": "b9088100-ba8a-4535-a78a-7c34e11ec12d", "lat": 38.936502, "lon": -77.059227, "battery_level": 76, "vehicle_type": "scooter", "is_reserved": false, "is_disabled": false}, {"bike_id": "bae46079-37bc-4f6b-a2d7-0ae496009069", "lat": 38.925274, "lon": -77.060348, "battery_level": 90, "vehicle_type": "scooter", "is_reserved": false, "is_disabled": false}, {"bike_id": "77c132f3-995b-464c-a793-f2a248040517", "lat": 38.905314, "lon": -77.056961, "battery_level": 50, "vehicle_type": "scooter", "is_reserved": false, "is_disabled": false}, {"bike_id": "20b19118-058e-426b-84d2-a9d83eb0ce26", "lat": 38.904394, "lon": -77.05313, "battery_level": 77, "vehicle_type": "scooter", "is_reserved": false, "is_disabled": false}, {"bike_id": "d4b6073c-675d-454f-853b-50ac50f6eaea", "lat": 38.94201, "lon": -77.059128, "battery_level": 58, "vehicle_type": "scooter", "is_reserved": false, "is_disabled": false}, {"bike_id": "97e01191-cac7-45d2-ac90-99f0e59c9b4e", "lat": 38.888629, "lon": -76.982209, "battery_level": 40, "vehicle_type": "scooter", "is_reserved": false, "is_disabled": false}, {"bike_id": "b0f62ddd-34d8-4ff7-8f38-05c433c2070f", "lat": 38.907521, "lon": -77.04671, "battery_level": 38, "vehicle_type": "scooter", "is_reserved": false, "is_disabled": false}, {"bike_id": "50b8dec8-8f90-41e4-b5fd-18f604da7ddf", "lat": 38.904964, "lon": -77.064998, "battery_level": 85, "vehicle_type": "scooter", "is_reserved": false, "is_disabled": false}, {"bike_id": "9484d020-055c-42c9-b1ba-a62969f127b4", "lat": 38.974806, "lon": -77.058996, "battery_level": 37, "vehicle_type": "scooter", "is_reserved": false, "is_disabled": false}, {"bike_id": "10241be0-2320-44a9-acb3-0a8d560dc825", "lat": 38.927542, "lon": -77.045601, "battery_level": 72, "vehicle_type": "scooter", "is_reserved": false, "is_disabled": false}, {"bike_id": "b9c696a8-6f20-476a-8673-0eaf9c989467", "lat": 38.928321, "lon": -77.073335, "battery_level": 42, "vehicle_type": "scooter", "is_reserved": false, "is_disabled": false}, {"bike_id": "836f7843-3761-4c34-a7ad-065ae4eff0f4", "lat": 38.904684, "lon": -77.06893, "battery_level": 43, "vehicle_type": "scooter", "is_reserved": false, "is_disabled": false}, {"bike_id": "8ef1308f-7da2-4198-8370-c1a32a9cfacc", "lat": 38.905108, "lon": -77.061691, "battery_level": 97, "vehicle_type": "scooter", "is_reserved": false, "is_disabled": false}, {"bike_id": "de411aff-64dd-4b64-aa8c-8166bd2bfa90", "lat": 38.903465, "lon": -77.052902, "battery_level": 36, "vehicle_type": "scooter", "is_reserved": false, "is_disabled": false}, {"bike_id": "5eb7e2c1-4786-478d-905e-f1bea25ebb9d", "lat": 38.959755, "lon": -77.08639, "battery_level": 82, "vehicle_type": "scooter", "is_reserved": false, "is_disabled": false}, {"bike_id": "bc00d491-1b34-4311-9305-8f9dac3f86a8", "lat": 38.879175, "lon": -76.999131, "battery_level": 58, "vehicle_type": "scooter", "is_reserved": false, "is_disabled": false}, {"bike_id": "21d6e081-60f6-4d0d-9e53-d635b9d8c541", "lat": 38.88218, "lon": -77.004119, "battery_level": 35, "vehicle_type": "scooter", "is_reserved": false, "is_disabled": false}, {"bike_id": "fc9ec287-8308-4d8f-9acd-413144553c65", "lat": 38.905356, "lon": -77.057091, "battery_level": 96, "vehicle_type": "scooter", "is_reserved": false, "is_disabled": false}, {"bike_id": "7ae3f0ff-718d-4e6f-86e1-bd2cf914729e", "lat": 38.906782, "lon": -77.073363, "battery_level": 33, "vehicle_type": "scooter", "is_reserved": false, "is_disabled": false}, {"bike_id": "b3a3a2cd-5394-4e87-a183-d34adb5f72b7", "lat": 38.919501, "lon": -77.041666, "battery_level": 43, "vehicle_type": "scooter", "is_reserved": false, "is_disabled": false}, {"bike_id": "91edbff3-9e73-4aa7-83cc-f8bcb1b9652a", "lat": 38.936725, "lon": -77.031108, "battery_level": 41, "vehicle_type": "scooter", "is_reserved": false, "is_disabled": false}, {"bike_id": "4ff96c1f-b014-4fc1-bf66-46d0a196ac51", "lat": 38.906779, "lon": -76.985025, "battery_level": 55, "vehicle_type": "scooter", "is_reserved": false, "is_disabled": false}, {"bike_id": "01de4d11-29a2-49d3-a8de-0b5ff1ed8552", "lat": 38.924201, "lon": -77.040653, "battery_level": 68, "vehicle_type": "scooter", "is_reserved": false, "is_disabled": false}, {"bike_id": "f9a7f1e9-806a-4b41-87ef-cdc3019a612d", "lat": 38.914138, "lon": -77.028182, "battery_level": 49, "vehicle_type": "scooter", "is_reserved": false, "is_disabled": false}, {"bike_id": "2c63884f-c886-4f9d-b859-56d1dfaeab2a", "lat": 38.920052, "lon": -77.03115, "battery_level": 58, "vehicle_type": "scooter", "is_reserved": false, "is_disabled": false}, {"bike_id": "6d2092c7-9978-4110-b534-95b75a315c62", "lat": 38.984782, "lon": -77.028698, "battery_level": 49, "vehicle_type": "scooter", "is_reserved": false, "is_disabled": false}, {"bike_id": "05f6a83d-b43f-473f-8ec0-0ec7a30b2def", "lat": 38.926685, "lon": -77.029228, "battery_level": 38, "vehicle_type": "scooter", "is_reserved": false, "is_disabled": false}, {"bike_id": "edad65fb-8885-4f04-9c74-510839da529e", "lat": 38.913607, "lon": -77.019033, "battery_level": 39, "vehicle_type": "scooter", "is_reserved": false, "is_disabled": false}, {"bike_id": "9ef647ab-6c67-42bd-bd1f-1de036f745c7", "lat": 38.908635, "lon": -77.031903, "battery_level": 95, "vehicle_type": "scooter", "is_reserved": false, "is_disabled": false}, {"bike_id": "49cf7539-8c17-49a0-9746-32e1167581b9", "lat": 38.915805, "lon": -77.014399, "battery_level": 56, "vehicle_type": "scooter", "is_reserved": false, "is_disabled": false}, {"bike_id": "e5e6c3e0-0cd7-439c-87cf-3d032422dd35", "lat": 38.936465, "lon": -77.024389, "battery_level": 77, "vehicle_type": "scooter", "is_reserved": false, "is_disabled": false}, {"bike_id": "26e559a1-49f9-492f-a172-a58842f9da97", "lat": 38.912686, "lon": -77.022805, "battery_level": 75, "vehicle_type": "scooter", "is_reserved": false, "is_disabled": false}, {"bike_id": "83e2f62b-6d00-4650-a9aa-b9ee704ecc35", "lat": 38.903867, "lon": -77.0236, "battery_level": 94, "vehicle_type": "scooter", "is_reserved": false, "is_disabled": false}, {"bike_id": "46bf2afb-b0b6-4ffb-9159-d38686af4c80", "lat": 38.905258, "lon": -77.064425, "battery_level": 99, "vehicle_type": "scooter", "is_reserved": false, "is_disabled": false}, {"bike_id": "743543da-2f4b-42f9-a671-e7bffc5b1209", "lat": 38.906553, "lon": -77.073346, "battery_level": 67, "vehicle_type": "scooter", "is_reserved": false, "is_disabled": false}, {"bike_id": "caf126c0-1563-43a1-892c-01f8def2cd99", "lat": 38.911661, "lon": -77.038413, "battery_level": 37, "vehicle_type": "scooter", "is_reserved": false, "is_disabled": false}, {"bike_id": "a17610ed-b52d-44a1-914a-03b6254c8fcd", "lat": 38.910354, "lon": -77.03849, "battery_level": 42, "vehicle_type": "scooter", "is_reserved": false, "is_disabled": false}, {"bike_id": "96b79a0a-11cc-405a-ae6a-455d733ec18c", "lat": 38.93702, "lon": -77.056017, "battery_level": 26, "vehicle_type": "scooter", "is_reserved": false, "is_disabled": false}, {"bike_id": "1cc2e8ba-84bf-4d23-afb7-86f3c62d6ab6", "lat": 38.90445, "lon": -77.031313, "battery_level": 66, "vehicle_type": "scooter", "is_reserved": false, "is_disabled": false}, {"bike_id": "8eddf057-12d9-4933-b7df-8610cdafa01f", "lat": 38.911781, "lon": -77.017169, "battery_level": 67, "vehicle_type": "scooter", "is_reserved": false, "is_disabled": false}, {"bike_id": "8e491f09-808a-410d-ab98-a09b5f6da1a3", "lat": 38.909748, "lon": -77.041546, "battery_level": 92, "vehicle_type": "scooter", "is_reserved": false, "is_disabled": false}, {"bike_id": "2e6eb4ef-61cb-459b-b476-d79742c0879a", "lat": 38.913217, "lon": -77.036689, "battery_level": 83, "vehicle_type": "scooter", "is_reserved": false, "is_disabled": false}, {"bike_id": "0a5afc30-1d9c-4706-abb5-224c46a2b46b", "lat": 38.908342, "lon": -77.033068, "battery_level": 93, "vehicle_type": "scooter", "is_reserved": false, "is_disabled": false}, {"bike_id": "cb960d79-ae42-41b4-84f6-d44250c7c0bf", "lat": 38.905695, "lon": -77.01657, "battery_level": 48, "vehicle_type": "scooter", "is_reserved": false, "is_disabled": false}, {"bike_id": "9b5fe336-f5a9-47f4-872f-e3e603e989b3", "lat": 38.90238, "lon": -77.014443, "battery_level": 25, "vehicle_type": "scooter", "is_reserved": false, "is_disabled": false}, {"bike_id": "ae3f51a0-04b9-4f13-a014-13b440c91a8c", "lat": 38.902933, "lon": -77.055279, "battery_level": 36, "vehicle_type": "scooter", "is_reserved": false, "is_disabled": false}, {"bike_id": "20a49bd6-1943-4d29-ad86-56e1701f0179", "lat": 38.905196, "lon": -77.05684, "battery_level": 98, "vehicle_type": "scooter", "is_reserved": false, "is_disabled": false}, {"bike_id": "af300315-303d-4725-b621-554fc2bb171a", "lat": 38.908241, "lon": -77.044906, "battery_level": 100, "vehicle_type": "scooter", "is_reserved": false, "is_disabled": false}, {"bike_id": "be0cd821-7163-480d-96bc-e966da22c5df", "lat": 38.90851, "lon": -77.047559, "battery_level": 32, "vehicle_type": "scooter", "is_reserved": false, "is_disabled": false}, {"bike_id": "10a81685-4404-4873-8109-d8241327a113", "lat": 38.908729, "lon": -77.023934, "battery_level": 48, "vehicle_type": "scooter", "is_reserved": false, "is_disabled": false}, {"bike_id": "b87315cf-6938-46af-847f-961bc2a65241", "lat": 38.887435, "lon": -77.030652, "battery_level": 42, "vehicle_type": "scooter", "is_reserved": false, "is_disabled": false}, {"bike_id": "4c230aef-8a5b-4f65-8fb8-702becce7ae5", "lat": 38.903178, "lon": -77.017085, "battery_level": 69, "vehicle_type": "scooter", "is_reserved": false, "is_disabled": false}, {"bike_id": "82098273-c31f-44be-89c7-8c2b41497928", "lat": 38.908688, "lon": -77.024233, "battery_level": 35, "vehicle_type": "scooter", "is_reserved": false, "is_disabled": false}, {"bike_id": "07fbcdf7-7f64-4e00-a10d-b5f80e47b7f3", "lat": 38.876941, "lon": -77.01676, "battery_level": 82, "vehicle_type": "scooter", "is_reserved": false, "is_disabled": false}, {"bike_id": "77d25183-5add-4141-b08c-bdfa390e1f6c", "lat": 38.874244, "lon": -77.009003, "battery_level": 43, "vehicle_type": "scooter", "is_reserved": false, "is_disabled": false}, {"bike_id": "4778e5ad-5fff-41d7-b429-397dc651ffdf", "lat": 38.903946, "lon": -77.018226, "battery_level": 41, "vehicle_type": "scooter", "is_reserved": false, "is_disabled": false}, {"bike_id": "ee988086-92d6-441c-9159-9a8526e2579e", "lat": 38.921563, "lon": -77.018333, "battery_level": 48, "vehicle_type": "scooter", "is_reserved": false, "is_disabled": false}, {"bike_id": "a8cef7ae-8b06-404d-b9be-fc3b8aa66cd1", "lat": 38.921397, "lon": -77.047735, "battery_level": 83, "vehicle_type": "scooter", "is_reserved": false, "is_disabled": false}, {"bike_id": "8338cb38-cee6-4090-8d58-60a69acc7b5c", "lat": 38.897389, "lon": -77.013588, "battery_level": 74, "vehicle_type": "scooter", "is_reserved": false, "is_disabled": false}, {"bike_id": "6b69780e-d5a5-46f7-98bd-d036397c3cb6", "lat": 38.908546, "lon": -77.063967, "battery_level": 29, "vehicle_type": "scooter", "is_reserved": false, "is_disabled": false}, {"bike_id": "27924995-3e03-4fa1-9228-b1575d6cf918", "lat": 38.907863, "lon": -77.064972, "battery_level": 70, "vehicle_type": "scooter", "is_reserved": false, "is_disabled": false}, {"bike_id": "226136a8-f8a0-42c2-b755-634b7a7d2398", "lat": 38.909694, "lon": -77.034404, "battery_level": 100, "vehicle_type": "scooter", "is_reserved": false, "is_disabled": false}, {"bike_id": "c57d2648-3ae8-4551-b6a2-fd0c5c980ce9", "lat": 38.916208, "lon": -77.031889, "battery_level": 56, "vehicle_type": "scooter", "is_reserved": false, "is_disabled": false}, {"bike_id": "983f227f-09f5-4a1c-9c74-1acf2074d71e", "lat": 38.906464, "lon": -77.033739, "battery_level": 34, "vehicle_type": "scooter", "is_reserved": false, "is_disabled": false}, {"bike_id": "7b2d17c7-fc62-43c3-a2fb-a4e0db066260", "lat": 38.911859, "lon": -77.071805, "battery_level": 47, "vehicle_type": "scooter", "is_reserved": false, "is_disabled": false}, {"bike_id": "d3897130-b459-420b-8cce-61c72000c061", "lat": 38.901766, "lon": -77.051297, "battery_level": 88, "vehicle_type": "scooter", "is_reserved": false, "is_disabled": false}, {"bike_id": "31c9c436-f87c-408f-8a24-8a1234c10cd9", "lat": 38.893128, "lon": -77.012196, "battery_level": 27, "vehicle_type": "scooter", "is_reserved": false, "is_disabled": false}, {"bike_id": "3ed9fde7-8015-4aaf-be2e-b68c93ab8b71", "lat": 38.918376, "lon": -77.014555, "battery_level": 89, "vehicle_type": "scooter", "is_reserved": false, "is_disabled": false}, {"bike_id": "a4f67c9e-96f6-4028-9dfd-b6bb5db8d1ec", "lat": 38.909299, "lon": -77.057033, "battery_level": 52, "vehicle_type": "scooter", "is_reserved": false, "is_disabled": false}, {"bike_id": "57ea9730-4435-41c5-a96a-3df0dd565433", "lat": 38.909631, "lon": -77.053087, "battery_level": 76, "vehicle_type": "scooter", "is_reserved": false, "is_disabled": false}, {"bike_id": "d5e34b07-6504-41b2-a506-fec9c30ac002", "lat": 38.903765, "lon": -77.043624, "battery_level": 45, "vehicle_type": "scooter", "is_reserved": false, "is_disabled": false}, {"bike_id": "b3e86e25-2c28-4863-97fa-c1d68ac3b9d4", "lat": 38.89698, "lon": -77.046482, "battery_level": 64, "vehicle_type": "scooter", "is_reserved": false, "is_disabled": false}, {"bike_id": "cbf61f83-c73e-44dd-90ca-2cc24612af11", "lat": 38.896724, "lon": -77.050381, "battery_level": 56, "vehicle_type": "scooter", "is_reserved": false, "is_disabled": false}, {"bike_id": "c8b842c2-4366-41ef-884d-a87202af23e8", "lat": 38.916023, "lon": -77.014915, "battery_level": 29, "vehicle_type": "scooter", "is_reserved": false, "is_disabled": false}, {"bike_id": "e1060d8f-23a4-4be6-8cf3-298e64c0748b", "lat": 38.90979, "lon": -77.019996, "battery_level": 68, "vehicle_type": "scooter", "is_reserved": false, "is_disabled": false}, {"bike_id": "ecf39003-02d1-434c-826d-7686bbe310a5", "lat": 38.914132334959106, "lon": -77.009459653676, "battery_level": 52, "vehicle_type": "scooter", "is_reserved": false, "is_disabled": false}, {"bike_id": "7d1898ff-33df-4f0a-9f04-11c348bb04e5", "lat": 38.881043, "lon": -77.026524, "battery_level": 87, "vehicle_type": "scooter", "is_reserved": false, "is_disabled": false}, {"bike_id": "90ad2797-8c85-40a0-bd1f-cef98847f22d", "lat": 38.904789, "lon": -77.041478, "battery_level": 75, "vehicle_type": "scooter", "is_reserved": false, "is_disabled": false}, {"bike_id": "20f82012-af69-47ed-838d-51c592f72a78", "lat": 38.91625, "lon": -77.048297, "battery_level": 42, "vehicle_type": "scooter", "is_reserved": false, "is_disabled": false}, {"bike_id": "1972c1b6-8a5b-4044-814b-37bb0df959c6", "lat": 38.921061, "lon": -77.044024, "battery_level": 29, "vehicle_type": "scooter", "is_reserved": false, "is_disabled": false}, {"bike_id": "a4bfa760-450a-4e90-9da3-764aeedf50ad", "lat": 38.922265, "lon": -77.043451, "battery_level": 54, "vehicle_type": "scooter", "is_reserved": false, "is_disabled": false}, {"bike_id": "81e93a23-b4b8-4d09-85e5-8f0594ab8a9d", "lat": 38.905752, "lon": -77.028001, "battery_level": 54, "vehicle_type": "scooter", "is_reserved": false, "is_disabled": false}, {"bike_id": "5447aa65-370c-4e2c-8296-ea3f462d94a9", "lat": 38.957334, "lon": -77.023876, "battery_level": 81, "vehicle_type": "scooter", "is_reserved": false, "is_disabled": false}, {"bike_id": "fc52cc02-f419-4118-8d51-582a10ade183", "lat": 38.919861, "lon": -77.041215, "battery_level": 72, "vehicle_type": "scooter", "is_reserved": false, "is_disabled": false}, {"bike_id": "c4b7a24d-1207-4d68-be30-a140167b2992", "lat": 38.92036, "lon": -77.043586, "battery_level": 90, "vehicle_type": "scooter", "is_reserved": false, "is_disabled": false}, {"bike_id": "2b76a3f6-09bc-46c2-9114-4e736b7c3c9c", "lat": 38.898631, "lon": -77.045134, "battery_level": 92, "vehicle_type": "scooter", "is_reserved": false, "is_disabled": false}, {"bike_id": "45eae169-e937-4663-ba48-d70d3176ba31", "lat": 38.89828, "lon": -77.04762, "battery_level": 100, "vehicle_type": "scooter", "is_reserved": false, "is_disabled": false}, {"bike_id": "321b76c7-797f-4680-abcc-8bd762554adb", "lat": 38.898504, "lon": -77.047797, "battery_level": 100, "vehicle_type": "scooter", "is_reserved": false, "is_disabled": false}, {"bike_id": "b90293aa-742e-490d-903b-c8aab1def1ac", "lat": 38.914102, "lon": -77.043214, "battery_level": 88, "vehicle_type": "scooter", "is_reserved": false, "is_disabled": false}, {"bike_id": "aca93500-d153-4b2e-86f8-3fbd266b06d5", "lat": 38.919041, "lon": -77.045982, "battery_level": 93, "vehicle_type": "scooter", "is_reserved": false, "is_disabled": false}, {"bike_id": "e65a9637-25d5-4a6e-bbd3-186b51a44ea7", "lat": 38.905309, "lon": -77.050244, "battery_level": 100, "vehicle_type": "scooter", "is_reserved": false, "is_disabled": false}, {"bike_id": "c07b4948-87db-4b66-a798-4bae80dc6532", "lat": 38.895189, "lon": -77.036669, "battery_level": 25, "vehicle_type": "scooter", "is_reserved": false, "is_disabled": false}, {"bike_id": "bee4e532-6cc7-4c31-9111-5139aa5bad97", "lat": 38.898483, "lon": -77.033415, "battery_level": 66, "vehicle_type": "scooter", "is_reserved": false, "is_disabled": false}, {"bike_id": "39459d10-9a2b-4fbb-99ff-b3f34e18e880", "lat": 38.893171, "lon": -77.041858, "battery_level": 46, "vehicle_type": "scooter", "is_reserved": false, "is_disabled": false}, {"bike_id": "e07ffe7a-11ba-4273-ba33-cbb6bc69d683", "lat": 38.90665, "lon": -77.031584, "battery_level": 34, "vehicle_type": "scooter", "is_reserved": false, "is_disabled": false}, {"bike_id": "21d6a3f4-9f0a-461f-94a0-620c50352c6d", "lat": 38.911286, "lon": -77.045101, "battery_level": 41, "vehicle_type": "scooter", "is_reserved": false, "is_disabled": false}, {"bike_id": "07e88cf8-edc6-4796-8073-b3a7646c19d5", "lat": 38.909961, "lon": -77.047376, "battery_level": 29, "vehicle_type": "scooter", "is_reserved": false, "is_disabled": false}, {"bike_id": "12040e4f-4cb2-4b86-baa9-745a52cba4bf", "lat": 38.917746, "lon": -77.042433, "battery_level": 36, "vehicle_type": "scooter", "is_reserved": false, "is_disabled": false}, {"bike_id": "9b461fce-6a58-48f1-9a84-e0457a505276", "lat": 38.912539, "lon": -77.036599, "battery_level": 86, "vehicle_type": "scooter", "is_reserved": false, "is_disabled": false}, {"bike_id": "f8450533-737c-4857-8485-cadec132b6a7", "lat": 38.900669, "lon": -77.043501, "battery_level": 30, "vehicle_type": "scooter", "is_reserved": false, "is_disabled": false}, {"bike_id": "2d5dde0f-261f-4c4d-9322-0dc2514b9bfc", "lat": 38.900736, "lon": -77.043558, "battery_level": 71, "vehicle_type": "scooter", "is_reserved": false, "is_disabled": false}, {"bike_id": "4661abd4-82ef-478c-90ec-d7cb3e17826c", "lat": 38.915923, "lon": -77.014355, "battery_level": 46, "vehicle_type": "scooter", "is_reserved": false, "is_disabled": false}, {"bike_id": "ca1f0099-ec08-47b6-ab88-306f687ff78b", "lat": 38.90698, "lon": -77.036122, "battery_level": 34, "vehicle_type": "scooter", "is_reserved": false, "is_disabled": false}, {"bike_id": "35433667-5859-4664-b0ff-17c1ec7a3bd3", "lat": 38.904622, "lon": -77.040464, "battery_level": 78, "vehicle_type": "scooter", "is_reserved": false, "is_disabled": false}, {"bike_id": "f9a41f48-115c-48d9-8db2-5ea3486f7c1d", "lat": 38.904695, "lon": -77.039018, "battery_level": 87, "vehicle_type": "scooter", "is_reserved": false, "is_disabled": false}, {"bike_id": "8500c94d-186e-476f-bee2-c4acbe647762", "lat": 38.927232, "lon": -77.027479, "battery_level": 75, "vehicle_type": "scooter", "is_reserved": false, "is_disabled": false}, {"bike_id": "d810e317-d0db-4c78-948f-b014a6f4b2e2", "lat": 38.892313, "lon": -77.013587, "battery_level": 45, "vehicle_type": "scooter", "is_reserved": false, "is_disabled": false}, {"bike_id": "9f389afb-7fbb-433a-85ce-9596cde52abf", "lat": 38.926735, "lon": -77.028637, "battery_level": 92, "vehicle_type": "scooter", "is_reserved": false, "is_disabled": false}, {"bike_id": "d8016cd9-8778-4d12-9087-2c4b8deeedbc", "lat": 38.906443, "lon": -77.033744, "battery_level": 29, "vehicle_type": "scooter", "is_reserved": false, "is_disabled": false}, {"bike_id": "42d0c651-692c-4f94-8510-4ccd0f42403d", "lat": 38.916603, "lon": -77.041787, "battery_level": 31, "vehicle_type": "scooter", "is_reserved": false, "is_disabled": false}, {"bike_id": "9aec1169-c5c0-4319-a771-c1363c6950b9", "lat": 38.910015, "lon": -77.038408, "battery_level": 97, "vehicle_type": "scooter", "is_reserved": false, "is_disabled": false}, {"bike_id": "b4c58429-9185-4a61-a5c4-6ad5403d321f", "lat": 38.911861, "lon": -77.032419, "battery_level": 55, "vehicle_type": "scooter", "is_reserved": false, "is_disabled": false}, {"bike_id": "86e72ebe-ad78-4641-9d01-92520d718be5", "lat": 38.903147, "lon": -77.027227, "battery_level": 25, "vehicle_type": "scooter", "is_reserved": false, "is_disabled": false}, {"bike_id": "18003b4c-82d4-4b4d-a34d-a2fbcfaac2e4", "lat": 38.908434, "lon": -77.032901, "battery_level": 97, "vehicle_type": "scooter", "is_reserved": false, "is_disabled": false}, {"bike_id": "cf682771-d39c-4013-b5d4-27c817a0e90a", "lat": 38.905088, "lon": -77.048421, "battery_level": 33, "vehicle_type": "scooter", "is_reserved": false, "is_disabled": false}, {"bike_id": "a1dd0574-228a-411e-8898-eedaec924a29", "lat": 38.902746, "lon": -77.037538, "battery_level": 65, "vehicle_type": "scooter", "is_reserved": false, "is_disabled": false}, {"bike_id": "915f1487-2806-45ed-9185-0e4bacab7a46", "lat": 38.910256, "lon": -77.031999, "battery_level": 100, "vehicle_type": "scooter", "is_reserved": false, "is_disabled": false}, {"bike_id": "4071b765-872a-496d-aa0e-8e612f0747bd", "lat": 38.917345, "lon": -77.032068, "battery_level": 79, "vehicle_type": "scooter", "is_reserved": false, "is_disabled": false}, {"bike_id": "8f0c944d-4208-4471-8744-c0f65c6068ba", "lat": 38.916283, "lon": -77.011133, "battery_level": 32, "vehicle_type": "scooter", "is_reserved": false, "is_disabled": false}, {"bike_id": "8e578260-a545-4845-b169-98d0d26057b5", "lat": 38.908247, "lon": -77.022481, "battery_level": 29, "vehicle_type": "scooter", "is_reserved": false, "is_disabled": false}, {"bike_id": "c598363b-503f-4066-94ee-ab180289d32f", "lat": 38.924559, "lon": -77.039522, "battery_level": 34, "vehicle_type": "scooter", "is_reserved": false, "is_disabled": false}, {"bike_id": "ccb61a1b-f474-42ae-b3ad-9817dd9c8382", "lat": 38.878842, "lon": -77.0051, "battery_level": 61, "vehicle_type": "scooter", "is_reserved": false, "is_disabled": false}, {"bike_id": "4a2232dd-4ec7-4853-a08b-a52397ce88db", "lat": 38.916881, "lon": -77.031153, "battery_level": 43, "vehicle_type": "scooter", "is_reserved": false, "is_disabled": false}, {"bike_id": "c167fc2d-8f59-48c9-991d-20ddfbe11d5f", "lat": 38.937562, "lon": -77.024734, "battery_level": 33, "vehicle_type": "scooter", "is_reserved": false, "is_disabled": false}, {"bike_id": "6675a73f-6512-4a9c-83bb-c03028961d20", "lat": 38.900291, "lon": -77.031847, "battery_level": 27, "vehicle_type": "scooter", "is_reserved": false, "is_disabled": false}, {"bike_id": "31221844-03a1-49ec-ac28-ac864f885812", "lat": 38.898594, "lon": -77.032422, "battery_level": 62, "vehicle_type": "scooter", "is_reserved": false, "is_disabled": false}, {"bike_id": "2330cb98-1654-4c20-9f08-f7a9e45d6a4b", "lat": 38.90042, "lon": -77.031792, "battery_level": 88, "vehicle_type": "scooter", "is_reserved": false, "is_disabled": false}, {"bike_id": "4b6ebabe-85ce-4d08-a609-a5462dc30a26", "lat": 38.921175, "lon": -77.042107, "battery_level": 75, "vehicle_type": "scooter", "is_reserved": false, "is_disabled": false}, {"bike_id": "44c2700b-c340-4929-9d10-f0f9483b9509", "lat": 38.897207, "lon": -77.049583, "battery_level": 86, "vehicle_type": "scooter", "is_reserved": false, "is_disabled": false}, {"bike_id": "8dd703a0-12b6-44d1-83ce-8a07fcbefcb8", "lat": 38.940642, "lon": -77.032795, "battery_level": 35, "vehicle_type": "scooter", "is_reserved": false, "is_disabled": false}, {"bike_id": "0c7ede4e-40ad-4fed-9600-0dd58f72aa9e", "lat": 38.909753, "lon": -77.034351, "battery_level": 100, "vehicle_type": "scooter", "is_reserved": false, "is_disabled": false}, {"bike_id": "415246d5-4be1-4d85-b8be-fc4922c275f7", "lat": 38.909339, "lon": -77.026528, "battery_level": 52, "vehicle_type": "scooter", "is_reserved": false, "is_disabled": false}, {"bike_id": "ce80d881-c94f-4e0c-a48a-27eff8c839b2", "lat": 38.918258, "lon": -77.024736, "battery_level": 91, "vehicle_type": "scooter", "is_reserved": false, "is_disabled": false}, {"bike_id": "11d87d65-39b1-489c-8d4e-b70796a54736", "lat": 38.916378, "lon": -77.032072, "battery_level": 38, "vehicle_type": "scooter", "is_reserved": false, "is_disabled": false}, {"bike_id": "11b25d8a-99b4-49e7-a846-5bd5a4e4415e", "lat": 38.916031, "lon": -77.031635, "battery_level": 97, "vehicle_type": "scooter", "is_reserved": false, "is_disabled": false}, {"bike_id": "1d02ce7d-4753-4ea5-9083-9406e3a3e747", "lat": 38.909656, "lon": -77.032198, "battery_level": 88, "vehicle_type": "scooter", "is_reserved": false, "is_disabled": false}, {"bike_id": "1418d7c1-a543-4ee8-b36c-c186ac5c9ade", "lat": 38.902185, "lon": -77.031849, "battery_level": 83, "vehicle_type": "scooter", "is_reserved": false, "is_disabled": false}, {"bike_id": "914ad822-69e5-4143-a91a-8c85cb7dc344", "lat": 38.894613, "lon": -77.031737, "battery_level": 81, "vehicle_type": "scooter", "is_reserved": false, "is_disabled": false}, {"bike_id": "4cbcf5da-97f3-4b75-8924-ad1dfc58934c", "lat": 38.984751, "lon": -77.028653, "battery_level": 85, "vehicle_type": "scooter", "is_reserved": false, "is_disabled": false}, {"bike_id": "57173901-6075-4f74-b2ee-0b6d693cae93", "lat": 38.911111, "lon": -77.026897, "battery_level": 36, "vehicle_type": "scooter", "is_reserved": false, "is_disabled": false}, {"bike_id": "36a94fab-8ba8-4c9f-9ed2-a73bf107b46d", "lat": 38.907476, "lon": -77.04486, "battery_level": 37, "vehicle_type": "scooter", "is_reserved": false, "is_disabled": false}, {"bike_id": "007e61c6-39ae-4192-bdcc-1f4a8ef7062b", "lat": 38.927428, "lon": -77.045506, "battery_level": 62, "vehicle_type": "scooter", "is_reserved": false, "is_disabled": false}, {"bike_id": "ce2a40f3-35ba-42ab-a760-ccc0158d68f4", "lat": 38.899379, "lon": -77.047984, "battery_level": 39, "vehicle_type": "scooter", "is_reserved": false, "is_disabled": false}, {"bike_id": "de789fa7-e23e-444d-8a17-2d19c6343658", "lat": 38.907222, "lon": -77.031243, "battery_level": 98, "vehicle_type": "scooter", "is_reserved": false, "is_disabled": false}, {"bike_id": "71a03a3f-e409-42ab-8774-0fe4a95b0e26", "lat": 38.906454, "lon": -77.033737, "battery_level": 37, "vehicle_type": "scooter", "is_reserved": false, "is_disabled": false}, {"bike_id": "74b7aae3-2e58-4b85-9bb4-d9c1ea61061f", "lat": 38.916555, "lon": -77.034478, "battery_level": 42, "vehicle_type": "scooter", "is_reserved": false, "is_disabled": false}, {"bike_id": "4a6e2106-2c8c-4604-8413-48a273c362c6", "lat": 38.935949, "lon": -77.035285, "battery_level": 31, "vehicle_type": "scooter", "is_reserved": false, "is_disabled": false}, {"bike_id": "5d389a0a-ce4a-45b7-9438-63ccd4baf113", "lat": 38.909708, "lon": -77.03169, "battery_level": 29, "vehicle_type": "scooter", "is_reserved": false, "is_disabled": false}, {"bike_id": "2e11426f-1ced-42db-b547-532ac0a6e6bb", "lat": 38.91271088275957, "lon": -77.03492992564759, "battery_level": 88, "vehicle_type": "scooter", "is_reserved": false, "is_disabled": false}, {"bike_id": "35a6b275-b87c-4469-b12f-af98e1b09e2d", "lat": 38.935259, "lon": -77.054046, "battery_level": 76, "vehicle_type": "scooter", "is_reserved": false, "is_disabled": false}, {"bike_id": "7b3baad9-8d29-4bf1-b16e-f8ba79f67ee0", "lat": 38.937304, "lon": -77.066687, "battery_level": 26, "vehicle_type": "scooter", "is_reserved": false, "is_disabled": false}, {"bike_id": "f689326d-d691-4d84-974e-391414fa4034", "lat": 38.905763214676014, "lon": -77.07015113662496, "battery_level": 41, "vehicle_type": "scooter", "is_reserved": false, "is_disabled": false}, {"bike_id": "cd6d3591-a789-4f4f-ba7a-c9316be04dee", "lat": 38.904948, "lon": -77.068048, "battery_level": 91, "vehicle_type": "scooter", "is_reserved": false, "is_disabled": false}, {"bike_id": "cd9cd9bd-aaba-4f2a-958d-c6d06588a827", "lat": 38.91197, "lon": -77.032548, "battery_level": 27, "vehicle_type": "scooter", "is_reserved": false, "is_disabled": false}, {"bike_id": "23985b25-804d-4a58-8aae-e62b4e4f39f5", "lat": 38.895971, "lon": -77.027011, "battery_level": 28, "vehicle_type": "scooter", "is_reserved": false, "is_disabled": false}, {"bike_id": "f269dc7c-fff2-4398-ab59-7f47f23ca998", "lat": 38.902376, "lon": -77.035618, "battery_level": 57, "vehicle_type": "scooter", "is_reserved": false, "is_disabled": false}, {"bike_id": "9aa370bb-9b36-488e-be21-bc91e29a8441", "lat": 38.912588, "lon": -77.02989, "battery_level": 30, "vehicle_type": "scooter", "is_reserved": false, "is_disabled": false}, {"bike_id": "cfeaf999-b9c7-4c64-afaa-578e91bad51a", "lat": 38.900694, "lon": -77.016981, "battery_level": 79, "vehicle_type": "scooter", "is_reserved": false, "is_disabled": false}, {"bike_id": "13c0b2c0-d8db-4d2e-bafe-7f771cefd8bc", "lat": 38.897413, "lon": -77.051669, "battery_level": 92, "vehicle_type": "scooter", "is_reserved": false, "is_disabled": false}, {"bike_id": "c332b59f-0b3e-4756-8e32-7ff9835d37ab", "lat": 38.897602, "lon": -77.051398, "battery_level": 95, "vehicle_type": "scooter", "is_reserved": false, "is_disabled": false}, {"bike_id": "2e1e2686-082b-4898-b41b-ddfd7a8144dc", "lat": 38.872293, "lon": -77.0088, "battery_level": 40, "vehicle_type": "scooter", "is_reserved": false, "is_disabled": false}, {"bike_id": "967b82d1-ee46-4b37-a8e1-5c4da7df5bf0", "lat": 38.879345, "lon": -77.009058, "battery_level": 92, "vehicle_type": "scooter", "is_reserved": false, "is_disabled": false}, {"bike_id": "89528541-9548-4864-8fbc-ecb469711be7", "lat": 38.899931, "lon": -77.023165, "battery_level": 26, "vehicle_type": "scooter", "is_reserved": false, "is_disabled": false}, {"bike_id": "c50fb66f-25c3-4121-8fa9-9cb266b31121", "lat": 38.870903, "lon": -77.013778, "battery_level": 31, "vehicle_type": "scooter", "is_reserved": false, "is_disabled": false}, {"bike_id": "cf5cd4fa-f643-4218-b726-3bd00c1ad09f", "lat": 38.913582, "lon": -77.019056, "battery_level": 85, "vehicle_type": "scooter", "is_reserved": false, "is_disabled": false}, {"bike_id": "71604f29-64a8-4254-a83d-0154d7570d55", "lat": 38.915363, "lon": -77.02175, "battery_level": 87, "vehicle_type": "scooter", "is_reserved": false, "is_disabled": false}, {"bike_id": "1b050b38-b551-4c32-be79-a2d6cebe2b4d", "lat": 38.90355, "lon": -77.042482, "battery_level": 27, "vehicle_type": "scooter", "is_reserved": false, "is_disabled": false}, {"bike_id": "537a916c-1f40-46ed-a782-463efba9c5b4", "lat": 38.902994, "lon": -77.051451, "battery_level": 96, "vehicle_type": "scooter", "is_reserved": false, "is_disabled": false}, {"bike_id": "8825a997-265c-43ce-95ea-67d8ab68b2b1", "lat": 38.906534, "lon": -77.04258, "battery_level": 40, "vehicle_type": "scooter", "is_reserved": false, "is_disabled": false}, {"bike_id": "0b807997-bfbb-4315-8de0-a7b47ae8b37b", "lat": 38.908505, "lon": -77.023566, "battery_level": 80, "vehicle_type": "scooter", "is_reserved": false, "is_disabled": false}, {"bike_id": "f641e3cc-cea9-4d28-a950-d9eebf155d60", "lat": 38.908881, "lon": -77.003106, "battery_level": 56, "vehicle_type": "scooter", "is_reserved": false, "is_disabled": false}, {"bike_id": "d57e942b-1568-4d65-9bea-d0bbd1249c6a", "lat": 38.907692, "lon": -76.999683, "battery_level": 34, "vehicle_type": "scooter", "is_reserved": false, "is_disabled": false}, {"bike_id": "d36b2e08-fe2f-4785-93e1-8577fe7ef750", "lat": 38.905196, "lon": -77.052016, "battery_level": 64, "vehicle_type": "scooter", "is_reserved": false, "is_disabled": false}, {"bike_id": "ed096978-2e7a-4921-8a8e-a50e006431e9", "lat": 38.90431, "lon": -77.051386, "battery_level": 93, "vehicle_type": "scooter", "is_reserved": false, "is_disabled": false}, {"bike_id": "0db9a963-0837-4543-a0a3-8797d2b2532b", "lat": 38.905569, "lon": -77.049917, "battery_level": 59, "vehicle_type": "scooter", "is_reserved": false, "is_disabled": false}, {"bike_id": "19514df2-31cb-42b7-98bb-21933566d178", "lat": 38.894606, "lon": -77.027074, "battery_level": 69, "vehicle_type": "scooter", "is_reserved": false, "is_disabled": false}, {"bike_id": "e8089181-d759-41f0-a0cd-5bf06752e4ab", "lat": 38.906687, "lon": -77.043443, "battery_level": 98, "vehicle_type": "scooter", "is_reserved": false, "is_disabled": false}, {"bike_id": "b0d19f6f-3ef3-4745-bdc8-92bd2ceb8fe2", "lat": 38.901723, "lon": -77.046985, "battery_level": 98, "vehicle_type": "scooter", "is_reserved": false, "is_disabled": false}, {"bike_id": "52022920-1f5e-4a23-803c-8492071b4e9e", "lat": 38.900825, "lon": -77.057876, "battery_level": 74, "vehicle_type": "scooter", "is_reserved": false, "is_disabled": false}, {"bike_id": "510dbd0a-3411-4f1f-b370-1f0f37c80b5a", "lat": 38.92028, "lon": -77.037377, "battery_level": 75, "vehicle_type": "scooter", "is_reserved": false, "is_disabled": false}, {"bike_id": "20a66fcb-cedb-4e68-b8e7-f57de3c9bd92", "lat": 38.892523, "lon": -77.032156, "battery_level": 74, "vehicle_type": "scooter", "is_reserved": false, "is_disabled": false}, {"bike_id": "643a7a6c-9b24-44a3-a9d2-63bbdafee8a3", "lat": 38.899603, "lon": -77.050206, "battery_level": 35, "vehicle_type": "scooter", "is_reserved": false, "is_disabled": false}, {"bike_id": "5c0e745b-51a5-4695-a016-05a5ed0ae73a", "lat": 38.916296, "lon": -77.013943, "battery_level": 44, "vehicle_type": "scooter", "is_reserved": false, "is_disabled": false}, {"bike_id": "f4e58860-1899-41ee-a87d-2f520c3ae431", "lat": 38.909905, "lon": -77.037501, "battery_level": 95, "vehicle_type": "scooter", "is_reserved": false, "is_disabled": false}, {"bike_id": "24977215-510e-459b-a47b-72696bd01ed4", "lat": 38.907609, "lon": -77.042358, "battery_level": 82, "vehicle_type": "scooter", "is_reserved": false, "is_disabled": false}, {"bike_id": "83ea54ba-fc87-4dd7-8573-0b051c7b42d9", "lat": 38.897359, "lon": -77.055105, "battery_level": 31, "vehicle_type": "scooter", "is_reserved": false, "is_disabled": false}, {"bike_id": "475ad476-9f37-4542-94f0-40697a268246", "lat": 38.902343, "lon": -77.0321, "battery_level": 58, "vehicle_type": "scooter", "is_reserved": false, "is_disabled": false}, {"bike_id": "f986e605-20d8-44ba-9899-5130e9f9b642", "lat": 38.901574, "lon": -77.032177, "battery_level": 64, "vehicle_type": "scooter", "is_reserved": false, "is_disabled": false}, {"bike_id": "6c31cd33-00c7-4017-b7a6-33fb1971003c", "lat": 38.911139, "lon": -77.017125, "battery_level": 96, "vehicle_type": "scooter", "is_reserved": false, "is_disabled": false}, {"bike_id": "2c487021-8864-4a33-834b-2e9e3d252a78", "lat": 38.892261, "lon": -77.015387, "battery_level": 49, "vehicle_type": "scooter", "is_reserved": false, "is_disabled": false}, {"bike_id": "ea2e36a0-5933-433c-883d-85fedca9d831", "lat": 38.902164, "lon": -77.021589, "battery_level": 40, "vehicle_type": "scooter", "is_reserved": false, "is_disabled": false}, {"bike_id": "63f98606-3f59-44b5-bb65-21a91aeab734", "lat": 38.909709, "lon": -77.034401, "battery_level": 100, "vehicle_type": "scooter", "is_reserved": false, "is_disabled": false}, {"bike_id": "30fe5165-5f69-4090-a223-53463cf3f2d7", "lat": 38.910138, "lon": -77.036419, "battery_level": 28, "vehicle_type": "scooter", "is_reserved": false, "is_disabled": false}, {"bike_id": "509445ca-6d34-45bc-bb0b-1401759cfa77", "lat": 38.924599, "lon": -77.039967, "battery_level": 99, "vehicle_type": "scooter", "is_reserved": false, "is_disabled": false}, {"bike_id": "8a268de2-236b-4385-8431-9f268efa6fcb", "lat": 38.921215, "lon": -77.043861, "battery_level": 70, "vehicle_type": "scooter", "is_reserved": false, "is_disabled": false}, {"bike_id": "305654bd-ce72-44c1-929a-65d6722d673a", "lat": 38.907495, "lon": -76.986884, "battery_level": 59, "vehicle_type": "scooter", "is_reserved": false, "is_disabled": false}, {"bike_id": "5a4f4815-9ead-4281-8566-8f91cd46f5e4", "lat": 38.906866, "lon": -77.05322, "battery_level": 67, "vehicle_type": "scooter", "is_reserved": false, "is_disabled": false}, {"bike_id": "f1d4886b-9843-44b4-8d44-ea4130cc6121", "lat": 38.915457, "lon": -77.031824, "battery_level": 98, "vehicle_type": "scooter", "is_reserved": false, "is_disabled": false}, {"bike_id": "af1fd62e-37bf-4789-a157-a6cf1a2a73b3", "lat": 38.916178, "lon": -77.031807, "battery_level": 71, "vehicle_type": "scooter", "is_reserved": false, "is_disabled": false}, {"bike_id": "e14e8a61-37d4-48ec-87c9-00e0d08667cf", "lat": 38.915674, "lon": -77.03339, "battery_level": 75, "vehicle_type": "scooter", "is_reserved": false, "is_disabled": false}, {"bike_id": "cd6ccaff-c118-406e-b2ae-19ef9c25bb0c", "lat": 38.916539, "lon": -77.031467, "battery_level": 39, "vehicle_type": "scooter", "is_reserved": false, "is_disabled": false}, {"bike_id": "a24033d2-2bdd-4e5c-899f-97e24532a96e", "lat": 38.905207, "lon": -77.05124, "battery_level": 99, "vehicle_type": "scooter", "is_reserved": false, "is_disabled": false}, {"bike_id": "2b50fd47-1e51-4b68-8160-6783becf59a1", "lat": 38.876947, "lon": -76.995096, "battery_level": 53, "vehicle_type": "scooter", "is_reserved": false, "is_disabled": false}, {"bike_id": "9747683b-379e-4caf-856f-47353d97cab4", "lat": 38.861263, "lon": -76.985462, "battery_level": 65, "vehicle_type": "scooter", "is_reserved": false, "is_disabled": false}, {"bike_id": "9bedf84b-2625-472e-9de7-b608c4d7006a", "lat": 38.915504, "lon": -77.031789, "battery_level": 63, "vehicle_type": "scooter", "is_reserved": false, "is_disabled": false}, {"bike_id": "f43c05b2-4e70-4f81-a2a1-73cfc04c3a23", "lat": 38.904366, "lon": -77.062687, "battery_level": 44, "vehicle_type": "scooter", "is_reserved": false, "is_disabled": false}, {"bike_id": "006d4f80-c4ec-411d-8fd9-fa5d844741a4", "lat": 38.933404, "lon": -77.063701, "battery_level": 53, "vehicle_type": "scooter", "is_reserved": false, "is_disabled": false}, {"bike_id": "6ac3c164-a075-48f0-9115-85f85255ece3", "lat": 38.904983, "lon": -77.048285, "battery_level": 65, "vehicle_type": "scooter", "is_reserved": false, "is_disabled": false}, {"bike_id": "325d89a6-51ab-4a6c-9f87-a7e9fc0aec65", "lat": 38.90981, "lon": -77.065353, "battery_level": 71, "vehicle_type": "scooter", "is_reserved": false, "is_disabled": false}, {"bike_id": "0c08b395-86db-46c8-be43-7752f31faed3", "lat": 38.899225, "lon": -77.027878, "battery_level": 50, "vehicle_type": "scooter", "is_reserved": false, "is_disabled": false}, {"bike_id": "a884706b-4903-44a0-b201-95a19b17b12b", "lat": 38.897454, "lon": -77.047931, "battery_level": 38, "vehicle_type": "scooter", "is_reserved": false, "is_disabled": false}, {"bike_id": "9641c8cd-456a-4f96-beb4-40e01cfb795d", "lat": 38.907286, "lon": -77.032975, "battery_level": 50, "vehicle_type": "scooter", "is_reserved": false, "is_disabled": false}, {"bike_id": "7a65a804-c26a-42c8-bdd3-a512233b0f62", "lat": 38.912574, "lon": -77.032169, "battery_level": 40, "vehicle_type": "scooter", "is_reserved": false, "is_disabled": false}, {"bike_id": "a0af881f-c26b-4882-96e7-5847803eaeeb", "lat": 38.8907, "lon": -77.017798, "battery_level": 34, "vehicle_type": "scooter", "is_reserved": false, "is_disabled": false}, {"bike_id": "6f7f2d57-83cc-4156-bab8-a1163944cc89", "lat": 38.902957, "lon": -77.025575, "battery_level": 48, "vehicle_type": "scooter", "is_reserved": false, "is_disabled": false}, {"bike_id": "a29ba9d6-a493-4396-8be0-88f01b6d96e5", "lat": 38.9024, "lon": -77.023096, "battery_level": 87, "vehicle_type": "scooter", "is_reserved": false, "is_disabled": false}, {"bike_id": "b4f27033-90d4-43b8-9399-267dad97d150", "lat": 38.909898, "lon": -77.043653, "battery_level": 96, "vehicle_type": "scooter", "is_reserved": false, "is_disabled": false}, {"bike_id": "c93cfb16-d1c2-4647-a214-04d611e45d13", "lat": 38.916679, "lon": -77.037886, "battery_level": 32, "vehicle_type": "scooter", "is_reserved": false, "is_disabled": false}, {"bike_id": "caf8fcfa-3c9d-4b9f-838b-0c084a17d216", "lat": 38.899697194958684, "lon": -77.02074917606221, "battery_level": 29, "vehicle_type": "scooter", "is_reserved": false, "is_disabled": false}, {"bike_id": "68dc46de-a956-4c51-9d74-bb805fb1cb62", "lat": 38.903418, "lon": -77.054658, "battery_level": 48, "vehicle_type": "scooter", "is_reserved": false, "is_disabled": false}, {"bike_id": "0d96cb9e-7648-495c-a733-cb82d0307972", "lat": 38.905252, "lon": -77.062379, "battery_level": 83, "vehicle_type": "scooter", "is_reserved": false, "is_disabled": false}, {"bike_id": "6d2c53e8-b905-4131-b42b-25a91c5d9aff", "lat": 38.902977, "lon": -77.064783, "battery_level": 63, "vehicle_type": "scooter", "is_reserved": false, "is_disabled": false}, {"bike_id": "19d27388-8de8-42f3-9a19-ae1cca3cf836", "lat": 38.904943, "lon": -77.061476, "battery_level": 30, "vehicle_type": "scooter", "is_reserved": false, "is_disabled": false}, {"bike_id": "3bf12245-6a31-4f39-a83d-76bbce1e632b", "lat": 38.901826, "lon": -77.054499, "battery_level": 83, "vehicle_type": "scooter", "is_reserved": false, "is_disabled": false}, {"bike_id": "5a5712e5-ce3a-4339-b426-a18075b94140", "lat": 38.910246, "lon": -77.064656, "battery_level": 71, "vehicle_type": "scooter", "is_reserved": false, "is_disabled": false}, {"bike_id": "04767367-d9a1-409c-a7b2-31d5a5e31753", "lat": 38.915859, "lon": -77.067977, "battery_level": 88, "vehicle_type": "scooter", "is_reserved": false, "is_disabled": false}, {"bike_id": "e6c1ba10-dbd0-4da9-9830-5b6234a0eace", "lat": 38.888481, "lon": -76.928483, "battery_level": 71, "vehicle_type": "scooter", "is_reserved": false, "is_disabled": false}, {"bike_id": "048cc50a-6ad6-469f-bbc8-6dd284878301", "lat": 38.914401, "lon": -77.053506, "battery_level": 92, "vehicle_type": "scooter", "is_reserved": false, "is_disabled": false}, {"bike_id": "1d5da737-e6cb-4206-9e6a-e53acae1f2f2", "lat": 38.920274, "lon": -77.039805, "battery_level": 66, "vehicle_type": "scooter", "is_reserved": false, "is_disabled": false}, {"bike_id": "10691260-3377-47df-8d40-4feebff6c86d", "lat": 38.923413, "lon": -77.052225, "battery_level": 80, "vehicle_type": "scooter", "is_reserved": false, "is_disabled": false}, {"bike_id": "2738dbf0-6f79-48b6-8b72-0a774a66e3e6", "lat": 38.911665, "lon": -77.065577, "battery_level": 65, "vehicle_type": "scooter", "is_reserved": false, "is_disabled": false}, {"bike_id": "37b9bb04-94e0-4211-9303-abdcf15c01b3", "lat": 38.902709, "lon": -77.039976, "battery_level": 55, "vehicle_type": "scooter", "is_reserved": false, "is_disabled": false}, {"bike_id": "0256c08b-1f96-495a-a8a9-8bf9349cff25", "lat": 38.906264, "lon": -77.024553, "battery_level": 68, "vehicle_type": "scooter", "is_reserved": false, "is_disabled": false}, {"bike_id": "86652c0d-c6f4-4779-9a87-42dd209209a6", "lat": 38.90881, "lon": -77.024701, "battery_level": 32, "vehicle_type": "scooter", "is_reserved": false, "is_disabled": false}, {"bike_id": "67aeb45e-9893-4797-9086-b7540e095796", "lat": 38.905857, "lon": -77.061066, "battery_level": 30, "vehicle_type": "scooter", "is_reserved": false, "is_disabled": false}, {"bike_id": "48678f19-03f5-4884-b841-7427055090d1", "lat": 38.900381, "lon": -77.012758, "battery_level": 29, "vehicle_type": "scooter", "is_reserved": false, "is_disabled": false}, {"bike_id": "2f42a5ce-b1fd-4c69-9dbc-8580d8eaba64", "lat": 38.895985, "lon": -77.027502, "battery_level": 66, "vehicle_type": "scooter", "is_reserved": false, "is_disabled": false}, {"bike_id": "842cd7f1-94b2-4c06-be27-7469e65b654c", "lat": 38.910388, "lon": -77.048719, "battery_level": 43, "vehicle_type": "scooter", "is_reserved": false, "is_disabled": false}, {"bike_id": "b2f37237-da13-46dc-ae98-eafbe264845b", "lat": 38.904642, "lon": -77.054536, "battery_level": 25, "vehicle_type": "scooter", "is_reserved": false, "is_disabled": false}, {"bike_id": "8ca5d77a-a53f-4701-8ab2-ff0677702c49", "lat": 38.859481, "lon": -76.987245, "battery_level": 39, "vehicle_type": "scooter", "is_reserved": false, "is_disabled": false}, {"bike_id": "19f45358-be39-4ec0-a9fb-95864c1e5091", "lat": 38.91562, "lon": -77.009557, "battery_level": 30, "vehicle_type": "scooter", "is_reserved": false, "is_disabled": false}, {"bike_id": "4938c6d0-daf7-41e1-a325-ad507fc74e3c", "lat": 38.893192, "lon": -77.041833, "battery_level": 46, "vehicle_type": "scooter", "is_reserved": false, "is_disabled": false}, {"bike_id": "6ff29368-3040-44b0-98c0-a7fa285525ff", "lat": 38.905133, "lon": -77.068871, "battery_level": 66, "vehicle_type": "scooter", "is_reserved": false, "is_disabled": false}, {"bike_id": "90448d9f-9250-475d-a546-78c41e494391", "lat": 38.914963, "lon": -77.038165, "battery_level": 54, "vehicle_type": "scooter", "is_reserved": false, "is_disabled": false}, {"bike_id": "e4423aef-7a47-417b-a4ef-fa7bd751a4c4", "lat": 38.899663, "lon": -77.026457, "battery_level": 89, "vehicle_type": "scooter", "is_reserved": false, "is_disabled": false}, {"bike_id": "8c4d036c-bfb1-4bd8-877f-619ac96c610c", "lat": 38.915462, "lon": -77.001892, "battery_level": 65, "vehicle_type": "scooter", "is_reserved": false, "is_disabled": false}, {"bike_id": "2049e2b8-a186-4a0b-ba1d-8c471e5095b5", "lat": 38.891743, "lon": -77.032076, "battery_level": 79, "vehicle_type": "scooter", "is_reserved": false, "is_disabled": false}, {"bike_id": "9dbb7e28-04d1-493b-a24a-d8a6afc28d39", "lat": 38.909601, "lon": -77.034727, "battery_level": 98, "vehicle_type": "scooter", "is_reserved": false, "is_disabled": false}, {"bike_id": "a0116255-95cb-468e-9c89-6c84ea8dd817", "lat": 38.941002, "lon": -77.024103, "battery_level": 34, "vehicle_type": "scooter", "is_reserved": false, "is_disabled": false}, {"bike_id": "9edfeb58-7a75-49b4-8ce5-6dde5fdef72a", "lat": 38.923931, "lon": -77.031134, "battery_level": 62, "vehicle_type": "scooter", "is_reserved": false, "is_disabled": false}, {"bike_id": "cf172c78-669d-4200-9e3e-3c86f57da4b4", "lat": 38.912478, "lon": -77.047055, "battery_level": 95, "vehicle_type": "scooter", "is_reserved": false, "is_disabled": false}, {"bike_id": "d91989d3-bb25-4344-bd14-ab48b8510614", "lat": 38.863907, "lon": -76.97979, "battery_level": 44, "vehicle_type": "scooter", "is_reserved": false, "is_disabled": false}, {"bike_id": "1d6b02db-839f-4b4d-adff-495c3d7fdf41", "lat": 38.88163, "lon": -77.026893, "battery_level": 52, "vehicle_type": "scooter", "is_reserved": false, "is_disabled": false}, {"bike_id": "a608417d-1400-4bea-a56c-413ab25cd485", "lat": 38.914972, "lon": -77.038394, "battery_level": 88, "vehicle_type": "scooter", "is_reserved": false, "is_disabled": false}, {"bike_id": "feed6270-09fc-4583-a250-e9d171f02756", "lat": 38.917319, "lon": -77.03176, "battery_level": 72, "vehicle_type": "scooter", "is_reserved": false, "is_disabled": false}, {"bike_id": "8014981c-7aee-4e86-a873-5314b2fc9397", "lat": 38.883988, "lon": -77.030125, "battery_level": 33, "vehicle_type": "scooter", "is_reserved": false, "is_disabled": false}, {"bike_id": "5317e0e7-2cc9-435f-a2bb-ca06fec74b51", "lat": 38.932574, "lon": -77.026662, "battery_level": 73, "vehicle_type": "scooter", "is_reserved": false, "is_disabled": false}, {"bike_id": "4a6a3990-fcee-40ce-bf24-f8745a62ad6e", "lat": 38.903943, "lon": -77.058194, "battery_level": 98, "vehicle_type": "scooter", "is_reserved": false, "is_disabled": false}, {"bike_id": "3fe00312-0e51-41d7-b89e-846e6a5efd84", "lat": 38.89509, "lon": -77.026833, "battery_level": 31, "vehicle_type": "scooter", "is_reserved": false, "is_disabled": false}, {"bike_id": "567b2b24-ac73-4f6d-b431-2f83725e3672", "lat": 38.896508, "lon": -77.023729, "battery_level": 82, "vehicle_type": "scooter", "is_reserved": false, "is_disabled": false}, {"bike_id": "32303f34-69de-4c2f-8356-9e23ffe55fdf", "lat": 38.949751, "lon": -77.066883, "battery_level": 46, "vehicle_type": "scooter", "is_reserved": false, "is_disabled": false}, {"bike_id": "403d8d3c-cf23-464e-b2a6-71436a1f3d75", "lat": 38.874148, "lon": -77.001724, "battery_level": 25, "vehicle_type": "scooter", "is_reserved": false, "is_disabled": false}, {"bike_id": "4f2831ac-eb0d-42e6-b14d-3d5cbcb2e870", "lat": 38.894997, "lon": -77.002167, "battery_level": 33, "vehicle_type": "scooter", "is_reserved": false, "is_disabled": false}, {"bike_id": "e86cbcdd-1cc6-4ddb-b645-7e1211b1372f", "lat": 38.8923, "lon": -77.01545, "battery_level": 40, "vehicle_type": "scooter", "is_reserved": false, "is_disabled": false}, {"bike_id": "318bccca-d882-4b29-85fc-6f070224e7c9", "lat": 38.911768, "lon": -77.017966, "battery_level": 36, "vehicle_type": "scooter", "is_reserved": false, "is_disabled": false}, {"bike_id": "4274b231-bc4e-4091-85fd-83ef3a1266cc", "lat": 38.917155, "lon": -77.028679, "battery_level": 60, "vehicle_type": "scooter", "is_reserved": false, "is_disabled": false}, {"bike_id": "201777cf-c6cf-42e5-a614-f7869164c43c", "lat": 38.917868, "lon": -77.028264, "battery_level": 82, "vehicle_type": "scooter", "is_reserved": false, "is_disabled": false}, {"bike_id": "74ca0d8e-2d7c-427a-a2ad-1ca9829ed527", "lat": 38.91249, "lon": -77.022805, "battery_level": 37, "vehicle_type": "scooter", "is_reserved": false, "is_disabled": false}, {"bike_id": "86be42cb-02bd-4af9-a668-e6b0ab2ee29e", "lat": 38.897197, "lon": -77.023753, "battery_level": 64, "vehicle_type": "scooter", "is_reserved": false, "is_disabled": false}, {"bike_id": "34ba609b-ecb3-4ac0-88b1-2e7865e7e48b", "lat": 38.905494, "lon": -77.002886, "battery_level": 32, "vehicle_type": "scooter", "is_reserved": false, "is_disabled": false}, {"bike_id": "b67bd392-5347-41d7-8286-d08922594470", "lat": 38.901502, "lon": -77.017171, "battery_level": 56, "vehicle_type": "scooter", "is_reserved": false, "is_disabled": false}, {"bike_id": "c9456563-26cc-4a5a-8bae-99e1c128d0d8", "lat": 38.89233, "lon": -77.045437, "battery_level": 59, "vehicle_type": "scooter", "is_reserved": false, "is_disabled": false}, {"bike_id": "2323f467-5d93-4073-9177-8637b9f18c76", "lat": 38.859055, "lon": -76.989463, "battery_level": 44, "vehicle_type": "scooter", "is_reserved": false, "is_disabled": false}, {"bike_id": "26b62f91-f642-41b6-8117-d567d6f91b51", "lat": 38.906438, "lon": -77.053068, "battery_level": 100, "vehicle_type": "scooter", "is_reserved": false, "is_disabled": false}, {"bike_id": "9ed48c36-71e1-4ac2-8c42-bb39165f8e3f", "lat": 38.905966, "lon": -77.06294, "battery_level": 27, "vehicle_type": "scooter", "is_reserved": false, "is_disabled": false}, {"bike_id": "d0994ae6-6629-49ef-9663-e2a0fab874d7", "lat": 38.902463, "lon": -77.027658, "battery_level": 73, "vehicle_type": "scooter", "is_reserved": false, "is_disabled": false}]}}